,artist,streamable,image,mbid,album,name,url,date
0,"{'mbid': '', '#text': 'Team Scheisse'}",0,"[{'size': 'small', '#text': 'https://lastfm.freetls.fastly.net/i/u/34s/6916f22ef2619a5b5ea4d07479ff5db9.jpg'}, {'size': 'medium', '#text': 'https://lastfm.freetls.fastly.net/i/u/64s/6916f22ef2619a5b5ea4d07479ff5db9.jpg'}, {'size': 'large', '#text': 'https://lastfm.freetls.fastly.net/i/u/174s/6916f22ef2619a5b5ea4d07479ff5db9.jpg'}, {'size': 'extralarge', '#text': 'https://lastfm.freetls.fastly.net/i/u/300x300/6916f22ef2619a5b5ea4d07479ff5db9.jpg'}]",29fe9778-d19f-48dd-998b-b4ca6ec39e7b,"{'mbid': '5b478bb4-c678-4873-9d7f-6f05c8944458', '#text': 'Ich habe dir Blumen von der Tanke mitgebracht (jetzt wird geküsst)'}",Karstadtdetektiv,https://www.last.fm/music/Team+Scheisse/_/Karstadtdetektiv,"{'uts': '1664398507', '#text': '28 Sep 2022, 20:55'}"
1,"{'mbid': '', '#text': 'Team Scheisse'}",0,"[{'size': 'small', '#text': 'https://lastfm.freetls.fastly.net/i/u/34s/6916f22ef2619a5b5ea4d07479ff5db9.jpg'}, {'size': 'medium', '#text': 'https://lastfm.freetls.fastly.net/i/u/64s/6916f22ef2619a5b5ea4d07479ff5db9.jpg'}, {'size': 'large', '#text': 'https://lastfm.freetls.fastly.net/i/u/174s/6916f22ef2619a5b5ea4d07479ff5db9.jpg'}, {'size': 'extralarge', '#text': 'https://lastfm.freetls.fastly.net/i/u/300x300/6916f22ef2619a5b5ea4d07479ff5db9.jpg'}]",2c51b87a-a987-4c24-bea7-fe6428573dfa,"{'mbid': '5b478bb4-c678-4873-9d7f-6f05c8944458', '#text': 'Ich habe dir Blumen von der Tanke mitgebracht (jetzt wird geküsst)'}",Rein ins Loch,https://www.last.fm/music/Team+Scheisse/_/Rein+ins+Loch,"{'uts': '1664398407', '#text': '28 Sep 2022, 20:53'}"
2,"{'mbid': '97ea00fd-a6b3-4acf-a413-cba66c415748', '#text': 'Groupe RTD'}",0,"[{'size': 'small', '#text': 'https://lastfm.freetls.fastly.net/i/u/34s/383a994968fd27e6386e05afcefa3e00.jpg'}, {'size': 'medium', '#text': 'https://lastfm.freetls.fastly.net/i/u/64s/383a994968fd27e6386e05afcefa3e00.jpg'}, {'size': 'large', '#text': 'https://lastfm.freetls.fastly.net/i/u/174s/383a994968fd27e6386e05afcefa3e00.jpg'}, {'size': 'extralarge', '#text': 'https://lastfm.freetls.fastly.net/i/u/300x300/383a994968fd27e6386e05afcefa3e00.jpg'}]",08c603bb-f3fb-4b6b-9a85-446bb3d710de,"{'mbid': '5acb99d6-3d44-4aa6-b03c-50db7ab0f7d1', '#text': 'The Dancing Devils of Djibouti'}",Raga Kaan Ka'Eegtow (You Are the One I Love),https://www.last.fm/music/Groupe+RTD/_/Raga+Kaan+Ka%27Eegtow+(You+Are+the+One+I+Love),"{'uts': '1664196460', '#text': '26 Sep 2022, 12:47'}"
3,"{'mbid': '', '#text': 'Cola'}",0,"[{'size': 'small', '#text': 'https://lastfm.freetls.fastly.net/i/u/34s/b706e403e3bf69a369c8e03578563ccf.jpg'}, {'size': 'medium', '#text': 'https://lastfm.freetls.fastly.net/i/u/64s/b706e403e3bf69a369c8e03578563ccf.jpg'}, {'size': 'large', '#text': 'https://lastfm.freetls.fastly.net/i/u/174s/b706e403e3bf69a369c8e03578563ccf.jpg'}, {'size': 'extralarge', '#text': 'https://lastfm.freetls.fastly.net/i/u/300x300/b706e403e3bf69a369c8e03578563ccf.jpg'}]",12fc1163-94d4-4a4e-9d08-3cca4c68a035,"{'mbid': '3fcb85dc-abef-430e-b1af-4dbcae059114', '#text': 'Deep in View'}",Landers,https://www.last.fm/music/Cola/_/Landers,"{'uts': '1664172597', '#text': '26 Sep 2022, 06:09'}"
4,"{'mbid': '', '#text': 'Cola'}",0,"[{'size': 'small', '#text': 'https://lastfm.freetls.fastly.net/i/u/34s/b706e403e3bf69a369c8e03578563ccf.jpg'}, {'size': 'medium', '#text': 'https://lastfm.freetls.fastly.net/i/u/64s/b706e403e3bf69a369c8e03578563ccf.jpg'}, {'size': 'large', '#text': 'https://lastfm.freetls.fastly.net/i/u/174s/b706e403e3bf69a369c8e03578563ccf.jpg'}, {'size': 'extralarge', '#text': 'https://lastfm.freetls.fastly.net/i/u/300x300/b706e403e3bf69a369c8e03578563ccf.jpg'}]",b160a554-2447-4663-a4c1-7f78973cab32,"{'mbid': '3fcb85dc-abef-430e-b1af-4dbcae059114', '#text': 'Deep in View'}",Fulton Park,https://www.last.fm/music/Cola/_/Fulton+Park,"{'uts': '1664172435', '#text': '26 Sep 2022, 06:07'}"
5,"{'mbid': '', '#text': 'Cola'}",0,"[{'size': 'small', '#text': 'https://lastfm.freetls.fastly.net/i/u/34s/b706e403e3bf69a369c8e03578563ccf.jpg'}, {'size': 'medium', '#text': 'https://lastfm.freetls.fastly.net/i/u/64s/b706e403e3bf69a369c8e03578563ccf.jpg'}, {'size': 'large', '#text': 'https://lastfm.freetls.fastly.net/i/u/174s/b706e403e3bf69a369c8e03578563ccf.jpg'}, {'size': 'extralarge', '#text': 'https://lastfm.freetls.fastly.net/i/u/300x300/b706e403e3bf69a369c8e03578563ccf.jpg'}]",2e5cc4ec-4cb1-41b9-ba39-a41a882382f2,"{'mbid': '3fcb85dc-abef-430e-b1af-4dbcae059114', '#text': 'Deep in View'}",Mint,https://www.last.fm/music/Cola/_/Mint,"{'uts': '1664172232', '#text': '26 Sep 2022, 06:03'}"
6,"{'mbid': '', '#text': 'Cola'}",0,"[{'size': 'small', '#text': 'https://lastfm.freetls.fastly.net/i/u/34s/b706e403e3bf69a369c8e03578563ccf.jpg'}, {'size': 'medium', '#text': 'https://lastfm.freetls.fastly.net/i/u/64s/b706e403e3bf69a369c8e03578563ccf.jpg'}, {'size': 'large', '#text': 'https://lastfm.freetls.fastly.net/i/u/174s/b706e403e3bf69a369c8e03578563ccf.jpg'}, {'size': 'extralarge', '#text': 'https://lastfm.freetls.fastly.net/i/u/300x300/b706e403e3bf69a369c8e03578563ccf.jpg'}]",25aacdd0-0f42-44ac-854e-4fc599364705,"{'mbid': '3fcb85dc-abef-430e-b1af-4dbcae059114', '#text': 'Deep in View'}",Gossamer,https://www.last.fm/music/Cola/_/Gossamer,"{'uts': '1664172033', '#text': '26 Sep 2022, 06:00'}"
7,"{'mbid': '', '#text': 'Cola'}",0,"[{'size': 'small', '#text': 'https://lastfm.freetls.fastly.net/i/u/34s/b706e403e3bf69a369c8e03578563ccf.jpg'}, {'size': 'medium', '#text': 'https://lastfm.freetls.fastly.net/i/u/64s/b706e403e3bf69a369c8e03578563ccf.jpg'}, {'size': 'large', '#text': 'https://lastfm.freetls.fastly.net/i/u/174s/b706e403e3bf69a369c8e03578563ccf.jpg'}, {'size': 'extralarge', '#text': 'https://lastfm.freetls.fastly.net/i/u/300x300/b706e403e3bf69a369c8e03578563ccf.jpg'}]",f4244c44-19b8-456a-b440-d8ecce8e5fe6,"{'mbid': '3fcb85dc-abef-430e-b1af-4dbcae059114', '#text': 'Deep in View'}",Water Table,https://www.last.fm/music/Cola/_/Water+Table,"{'uts': '1664171790', '#text': '26 Sep 2022, 05:56'}"
8,"{'mbid': '', '#text': 'Cola'}",0,"[{'size': 'small', '#text': 'https://lastfm.freetls.fastly.net/i/u/34s/b706e403e3bf69a369c8e03578563ccf.jpg'}, {'size': 'medium', '#text': 'https://lastfm.freetls.fastly.net/i/u/64s/b706e403e3bf69a369c8e03578563ccf.jpg'}, {'size': 'large', '#text': 'https://lastfm.freetls.fastly.net/i/u/174s/b706e403e3bf69a369c8e03578563ccf.jpg'}, {'size': 'extralarge', '#text': 'https://lastfm.freetls.fastly.net/i/u/300x300/b706e403e3bf69a369c8e03578563ccf.jpg'}]",3b199884-fb91-402c-8f3f-c6db8e1f1f5c,"{'mbid': '3fcb85dc-abef-430e-b1af-4dbcae059114', '#text': 'Deep in View'}",Degree,https://www.last.fm/music/Cola/_/Degree,"{'uts': '1664171607', '#text': '26 Sep 2022, 05:53'}"
9,"{'mbid': '', '#text': 'Cola'}",0,"[{'size': 'small', '#text': 'https://lastfm.freetls.fastly.net/i/u/34s/b706e403e3bf69a369c8e03578563ccf.jpg'}, {'size': 'medium', '#text': 'https://lastfm.freetls.fastly.net/i/u/64s/b706e403e3bf69a369c8e03578563ccf.jpg'}, {'size': 'large', '#text': 'https://lastfm.freetls.fastly.net/i/u/174s/b706e403e3bf69a369c8e03578563ccf.jpg'}, {'size': 'extralarge', '#text': 'https://lastfm.freetls.fastly.net/i/u/300x300/b706e403e3bf69a369c8e03578563ccf.jpg'}]",ee66c762-2a0c-4316-ba1e-b8d7bf47aaf3,"{'mbid': '3fcb85dc-abef-430e-b1af-4dbcae059114', '#text': 'Deep in View'}",Met Resistance,https://www.last.fm/music/Cola/_/Met+Resistance,"{'uts': '1664171419', '#text': '26 Sep 2022, 05:50'}"
10,"{'mbid': '', '#text': 'Cola'}",0,"[{'size': 'small', '#text': 'https://lastfm.freetls.fastly.net/i/u/34s/b706e403e3bf69a369c8e03578563ccf.jpg'}, {'size': 'medium', '#text': 'https://lastfm.freetls.fastly.net/i/u/64s/b706e403e3bf69a369c8e03578563ccf.jpg'}, {'size': 'large', '#text': 'https://lastfm.freetls.fastly.net/i/u/174s/b706e403e3bf69a369c8e03578563ccf.jpg'}, {'size': 'extralarge', '#text': 'https://lastfm.freetls.fastly.net/i/u/300x300/b706e403e3bf69a369c8e03578563ccf.jpg'}]",4c4bbedc-3777-4a96-94dd-232974179420,"{'mbid': '3fcb85dc-abef-430e-b1af-4dbcae059114', '#text': 'Deep in View'}",At Pace,https://www.last.fm/music/Cola/_/At+Pace,"{'uts': '1664171231', '#text': '26 Sep 2022, 05:47'}"
11,"{'mbid': '', '#text': 'Cola'}",0,"[{'size': 'small', '#text': 'https://lastfm.freetls.fastly.net/i/u/34s/b706e403e3bf69a369c8e03578563ccf.jpg'}, {'size': 'medium', '#text': 'https://lastfm.freetls.fastly.net/i/u/64s/b706e403e3bf69a369c8e03578563ccf.jpg'}, {'size': 'large', '#text': 'https://lastfm.freetls.fastly.net/i/u/174s/b706e403e3bf69a369c8e03578563ccf.jpg'}, {'size': 'extralarge', '#text': 'https://lastfm.freetls.fastly.net/i/u/300x300/b706e403e3bf69a369c8e03578563ccf.jpg'}]",8a72fedc-ea9a-4f8c-bb8e-34ce06e815a0,"{'mbid': '3fcb85dc-abef-430e-b1af-4dbcae059114', '#text': 'Deep in View'}",So Excited,https://www.last.fm/music/Cola/_/So+Excited,"{'uts': '1664171051', '#text': '26 Sep 2022, 05:44'}"
12,"{'mbid': '', '#text': 'Cola'}",0,"[{'size': 'small', '#text': 'https://lastfm.freetls.fastly.net/i/u/34s/b706e403e3bf69a369c8e03578563ccf.jpg'}, {'size': 'medium', '#text': 'https://lastfm.freetls.fastly.net/i/u/64s/b706e403e3bf69a369c8e03578563ccf.jpg'}, {'size': 'large', '#text': 'https://lastfm.freetls.fastly.net/i/u/174s/b706e403e3bf69a369c8e03578563ccf.jpg'}, {'size': 'extralarge', '#text': 'https://lastfm.freetls.fastly.net/i/u/300x300/b706e403e3bf69a369c8e03578563ccf.jpg'}]",9a812a1e-8bd6-498e-8fdf-4456ad97884d,"{'mbid': '3fcb85dc-abef-430e-b1af-4dbcae059114', '#text': 'Deep in View'}",Blank Curtain,https://www.last.fm/music/Cola/_/Blank+Curtain,"{'uts': '1664170780', '#text': '26 Sep 2022, 05:39'}"
13,"{'mbid': 'a802fee7-86d5-4043-94a3-a5cc5b121cc9', '#text': 'Rivers of Nihil'}",0,"[{'size': 'small', '#text': 'https://lastfm.freetls.fastly.net/i/u/34s/dfe949c9aa0bdafe756f590327b4f4a9.jpg'}, {'size': 'medium', '#text': 'https://lastfm.freetls.fastly.net/i/u/64s/dfe949c9aa0bdafe756f590327b4f4a9.jpg'}, {'size': 'large', '#text': 'https://lastfm.freetls.fastly.net/i/u/174s/dfe949c9aa0bdafe756f590327b4f4a9.jpg'}, {'size': 'extralarge', '#text': 'https://lastfm.freetls.fastly.net/i/u/300x300/dfe949c9aa0bdafe756f590327b4f4a9.jpg'}]",1b7cc9a7-cd69-4581-9a3b-bdd5cf64f560,"{'mbid': '19224a18-4b54-4fdc-af1f-2a66c76f9ea2', '#text': 'The Work'}",Terrestria IV: Work,https://www.last.fm/music/Rivers+of+Nihil/_/Terrestria+IV:+Work,"{'uts': '1664147547', '#text': '25 Sep 2022, 23:12'}"
14,"{'mbid': 'a802fee7-86d5-4043-94a3-a5cc5b121cc9', '#text': 'Rivers of Nihil'}",0,"[{'size': 'small', '#text': 'https://lastfm.freetls.fastly.net/i/u/34s/dfe949c9aa0bdafe756f590327b4f4a9.jpg'}, {'size': 'medium', '#text': 'https://lastfm.freetls.fastly.net/i/u/64s/dfe949c9aa0bdafe756f590327b4f4a9.jpg'}, {'size': 'large', '#text': 'https://lastfm.freetls.fastly.net/i/u/174s/dfe949c9aa0bdafe756f590327b4f4a9.jpg'}, {'size': 'extralarge', '#text': 'https://lastfm.freetls.fastly.net/i/u/300x300/dfe949c9aa0bdafe756f590327b4f4a9.jpg'}]",1b7cc9a7-cd69-4581-9a3b-bdd5cf64f560,"{'mbid': '19224a18-4b54-4fdc-af1f-2a66c76f9ea2', '#text': 'The Work'}",Terrestria IV: Work,https://www.last.fm/music/Rivers+of+Nihil/_/Terrestria+IV:+Work,"{'uts': '1664142109', '#text': '25 Sep 2022, 21:41'}"
15,"{'mbid': 'a802fee7-86d5-4043-94a3-a5cc5b121cc9', '#text': 'Rivers of Nihil'}",0,"[{'size': 'small', '#text': 'https://lastfm.freetls.fastly.net/i/u/34s/dfe949c9aa0bdafe756f590327b4f4a9.jpg'}, {'size': 'medium', '#text': 'https://lastfm.freetls.fastly.net/i/u/64s/dfe949c9aa0bdafe756f590327b4f4a9.jpg'}, {'size': 'large', '#text': 'https://lastfm.freetls.fastly.net/i/u/174s/dfe949c9aa0bdafe756f590327b4f4a9.jpg'}, {'size': 'extralarge', '#text': 'https://lastfm.freetls.fastly.net/i/u/300x300/dfe949c9aa0bdafe756f590327b4f4a9.jpg'}]",12868d37-0cfe-4144-82ba-d726846d9e81,"{'mbid': '19224a18-4b54-4fdc-af1f-2a66c76f9ea2', '#text': 'The Work'}",Maybe One Day,https://www.last.fm/music/Rivers+of+Nihil/_/Maybe+One+Day,"{'uts': '1664140060', '#text': '25 Sep 2022, 21:07'}"
16,"{'mbid': 'a802fee7-86d5-4043-94a3-a5cc5b121cc9', '#text': 'Rivers of Nihil'}",0,"[{'size': 'small', '#text': 'https://lastfm.freetls.fastly.net/i/u/34s/dfe949c9aa0bdafe756f590327b4f4a9.jpg'}, {'size': 'medium', '#text': 'https://lastfm.freetls.fastly.net/i/u/64s/dfe949c9aa0bdafe756f590327b4f4a9.jpg'}, {'size': 'large', '#text': 'https://lastfm.freetls.fastly.net/i/u/174s/dfe949c9aa0bdafe756f590327b4f4a9.jpg'}, {'size': 'extralarge', '#text': 'https://lastfm.freetls.fastly.net/i/u/300x300/dfe949c9aa0bdafe756f590327b4f4a9.jpg'}]",13b77693-de71-41bc-b532-cb360881d243,"{'mbid': '19224a18-4b54-4fdc-af1f-2a66c76f9ea2', '#text': 'The Work'}",Tower 2,https://www.last.fm/music/Rivers+of+Nihil/_/Tower+2,"{'uts': '1664139891', '#text': '25 Sep 2022, 21:04'}"
17,"{'mbid': 'a802fee7-86d5-4043-94a3-a5cc5b121cc9', '#text': 'Rivers of Nihil'}",0,"[{'size': 'small', '#text': 'https://lastfm.freetls.fastly.net/i/u/34s/dfe949c9aa0bdafe756f590327b4f4a9.jpg'}, {'size': 'medium', '#text': 'https://lastfm.freetls.fastly.net/i/u/64s/dfe949c9aa0bdafe756f590327b4f4a9.jpg'}, {'size': 'large', '#text': 'https://lastfm.freetls.fastly.net/i/u/174s/dfe949c9aa0bdafe756f590327b4f4a9.jpg'}, {'size': 'extralarge', '#text': 'https://lastfm.freetls.fastly.net/i/u/300x300/dfe949c9aa0bdafe756f590327b4f4a9.jpg'}]",e3f2acff-0614-4d3f-bdff-6747cb18dd99,"{'mbid': '19224a18-4b54-4fdc-af1f-2a66c76f9ea2', '#text': 'The Work'}",Focus,https://www.last.fm/music/Rivers+of+Nihil/_/Focus,"{'uts': '1664139558', '#text': '25 Sep 2022, 20:59'}"
18,"{'mbid': '', '#text': 'Cola'}",0,"[{'size': 'small', '#text': 'https://lastfm.freetls.fastly.net/i/u/34s/b706e403e3bf69a369c8e03578563ccf.jpg'}, {'size': 'medium', '#text': 'https://lastfm.freetls.fastly.net/i/u/64s/b706e403e3bf69a369c8e03578563ccf.jpg'}, {'size': 'large', '#text': 'https://lastfm.freetls.fastly.net/i/u/174s/b706e403e3bf69a369c8e03578563ccf.jpg'}, {'size': 'extralarge', '#text': 'https://lastfm.freetls.fastly.net/i/u/300x300/b706e403e3bf69a369c8e03578563ccf.jpg'}]",3b199884-fb91-402c-8f3f-c6db8e1f1f5c,"{'mbid': '3fcb85dc-abef-430e-b1af-4dbcae059114', '#text': 'Deep in View'}",Degree,https://www.last.fm/music/Cola/_/Degree,"{'uts': '1664137881', '#text': '25 Sep 2022, 20:31'}"
19,"{'mbid': 'a802fee7-86d5-4043-94a3-a5cc5b121cc9', '#text': 'Rivers of Nihil'}",0,"[{'size': 'small', '#text': 'https://lastfm.freetls.fastly.net/i/u/34s/dfe949c9aa0bdafe756f590327b4f4a9.jpg'}, {'size': 'medium', '#text': 'https://lastfm.freetls.fastly.net/i/u/64s/dfe949c9aa0bdafe756f590327b4f4a9.jpg'}, {'size': 'large', '#text': 'https://lastfm.freetls.fastly.net/i/u/174s/dfe949c9aa0bdafe756f590327b4f4a9.jpg'}, {'size': 'extralarge', '#text': 'https://lastfm.freetls.fastly.net/i/u/300x300/dfe949c9aa0bdafe756f590327b4f4a9.jpg'}]",1b7cc9a7-cd69-4581-9a3b-bdd5cf64f560,"{'mbid': '19224a18-4b54-4fdc-af1f-2a66c76f9ea2', '#text': 'The Work'}",Terrestria IV: Work,https://www.last.fm/music/Rivers+of+Nihil/_/Terrestria+IV:+Work,"{'uts': '1664136895', '#text': '25 Sep 2022, 20:14'}"
20,"{'mbid': 'f180cec2-9421-4417-a841-c7372090d13d', '#text': 'The Notwist'}",0,"[{'size': 'small', '#text': 'https://lastfm.freetls.fastly.net/i/u/34s/e66405d034568395c0b1d873344ba656.jpg'}, {'size': 'medium', '#text': 'https://lastfm.freetls.fastly.net/i/u/64s/e66405d034568395c0b1d873344ba656.jpg'}, {'size': 'large', '#text': 'https://lastfm.freetls.fastly.net/i/u/174s/e66405d034568395c0b1d873344ba656.jpg'}, {'size': 'extralarge', '#text': 'https://lastfm.freetls.fastly.net/i/u/300x300/e66405d034568395c0b1d873344ba656.jpg'}]",2a74c285-3040-4f25-8597-00c4f84fb05e,"{'mbid': '225c534e-6dba-42f0-9e90-e89108784ffd', '#text': 'Vertigo Days'}",Into The Ice Age,https://www.last.fm/music/The+Notwist/_/Into+The+Ice+Age,"{'uts': '1664120707', '#text': '25 Sep 2022, 15:45'}"
21,"{'mbid': 'f180cec2-9421-4417-a841-c7372090d13d', '#text': 'The Notwist'}",0,"[{'size': 'small', '#text': 'https://lastfm.freetls.fastly.net/i/u/34s/e66405d034568395c0b1d873344ba656.jpg'}, {'size': 'medium', '#text': 'https://lastfm.freetls.fastly.net/i/u/64s/e66405d034568395c0b1d873344ba656.jpg'}, {'size': 'large', '#text': 'https://lastfm.freetls.fastly.net/i/u/174s/e66405d034568395c0b1d873344ba656.jpg'}, {'size': 'extralarge', '#text': 'https://lastfm.freetls.fastly.net/i/u/300x300/e66405d034568395c0b1d873344ba656.jpg'}]",0ad5c8f1-6242-49ac-9695-1e1cbc325edf,"{'mbid': '225c534e-6dba-42f0-9e90-e89108784ffd', '#text': 'Vertigo Days'}",Loose Ends,https://www.last.fm/music/The+Notwist/_/Loose+Ends,"{'uts': '1664120376', '#text': '25 Sep 2022, 15:39'}"
22,"{'mbid': 'f180cec2-9421-4417-a841-c7372090d13d', '#text': 'The Notwist'}",0,"[{'size': 'small', '#text': 'https://lastfm.freetls.fastly.net/i/u/34s/e66405d034568395c0b1d873344ba656.jpg'}, {'size': 'medium', '#text': 'https://lastfm.freetls.fastly.net/i/u/64s/e66405d034568395c0b1d873344ba656.jpg'}, {'size': 'large', '#text': 'https://lastfm.freetls.fastly.net/i/u/174s/e66405d034568395c0b1d873344ba656.jpg'}, {'size': 'extralarge', '#text': 'https://lastfm.freetls.fastly.net/i/u/300x300/e66405d034568395c0b1d873344ba656.jpg'}]",6929750b-c920-42e3-adb2-f9f9f6f1be8b,"{'mbid': '225c534e-6dba-42f0-9e90-e89108784ffd', '#text': 'Vertigo Days'}",Ship,https://www.last.fm/music/The+Notwist/_/Ship,"{'uts': '1664120132', '#text': '25 Sep 2022, 15:35'}"
23,"{'mbid': 'f180cec2-9421-4417-a841-c7372090d13d', '#text': 'The Notwist'}",0,"[{'size': 'small', '#text': 'https://lastfm.freetls.fastly.net/i/u/34s/e66405d034568395c0b1d873344ba656.jpg'}, {'size': 'medium', '#text': 'https://lastfm.freetls.fastly.net/i/u/64s/e66405d034568395c0b1d873344ba656.jpg'}, {'size': 'large', '#text': 'https://lastfm.freetls.fastly.net/i/u/174s/e66405d034568395c0b1d873344ba656.jpg'}, {'size': 'extralarge', '#text': 'https://lastfm.freetls.fastly.net/i/u/300x300/e66405d034568395c0b1d873344ba656.jpg'}]",27ec7ed4-6971-4d03-922e-b21afa6e90d6,"{'mbid': '225c534e-6dba-42f0-9e90-e89108784ffd', '#text': 'Vertigo Days'}",Where You Find Me,https://www.last.fm/music/The+Notwist/_/Where+You+Find+Me,"{'uts': '1664119980', '#text': '25 Sep 2022, 15:33'}"
24,"{'mbid': 'f180cec2-9421-4417-a841-c7372090d13d', '#text': 'The Notwist'}",0,"[{'size': 'small', '#text': 'https://lastfm.freetls.fastly.net/i/u/34s/e66405d034568395c0b1d873344ba656.jpg'}, {'size': 'medium', '#text': 'https://lastfm.freetls.fastly.net/i/u/64s/e66405d034568395c0b1d873344ba656.jpg'}, {'size': 'large', '#text': 'https://lastfm.freetls.fastly.net/i/u/174s/e66405d034568395c0b1d873344ba656.jpg'}, {'size': 'extralarge', '#text': 'https://lastfm.freetls.fastly.net/i/u/300x300/e66405d034568395c0b1d873344ba656.jpg'}]",5d52fd3f-8e19-44bf-a527-555de3d84b84,"{'mbid': '225c534e-6dba-42f0-9e90-e89108784ffd', '#text': 'Vertigo Days'}",Exit Strategy To Myself,https://www.last.fm/music/The+Notwist/_/Exit+Strategy+To+Myself,"{'uts': '1664119791', '#text': '25 Sep 2022, 15:29'}"
25,"{'mbid': 'f180cec2-9421-4417-a841-c7372090d13d', '#text': 'The Notwist'}",0,"[{'size': 'small', '#text': 'https://lastfm.freetls.fastly.net/i/u/34s/e66405d034568395c0b1d873344ba656.jpg'}, {'size': 'medium', '#text': 'https://lastfm.freetls.fastly.net/i/u/64s/e66405d034568395c0b1d873344ba656.jpg'}, {'size': 'large', '#text': 'https://lastfm.freetls.fastly.net/i/u/174s/e66405d034568395c0b1d873344ba656.jpg'}, {'size': 'extralarge', '#text': 'https://lastfm.freetls.fastly.net/i/u/300x300/e66405d034568395c0b1d873344ba656.jpg'}]",0fff9cee-6fcf-4713-8740-5e38d0205462,"{'mbid': '225c534e-6dba-42f0-9e90-e89108784ffd', '#text': 'Vertigo Days'}",Into Love / Stars,https://www.last.fm/music/The+Notwist/_/Into+Love+%2F+Stars,"{'uts': '1664119447', '#text': '25 Sep 2022, 15:24'}"
26,"{'mbid': 'f180cec2-9421-4417-a841-c7372090d13d', '#text': 'The Notwist'}",0,"[{'size': 'small', '#text': 'https://lastfm.freetls.fastly.net/i/u/34s/e66405d034568395c0b1d873344ba656.jpg'}, {'size': 'medium', '#text': 'https://lastfm.freetls.fastly.net/i/u/64s/e66405d034568395c0b1d873344ba656.jpg'}, {'size': 'large', '#text': 'https://lastfm.freetls.fastly.net/i/u/174s/e66405d034568395c0b1d873344ba656.jpg'}, {'size': 'extralarge', '#text': 'https://lastfm.freetls.fastly.net/i/u/300x300/e66405d034568395c0b1d873344ba656.jpg'}]",234cc365-54cc-467f-b6cf-2764e7acadee,"{'mbid': '225c534e-6dba-42f0-9e90-e89108784ffd', '#text': 'Vertigo Days'}",Al Norte,https://www.last.fm/music/The+Notwist/_/Al+Norte,"{'uts': '1664119387', '#text': '25 Sep 2022, 15:23'}"
27,"{'mbid': 'a77cdc1a-03ad-4015-a2b7-17b7454e3657', '#text': 'Dreamcrusher'}",0,"[{'size': 'small', '#text': 'https://lastfm.freetls.fastly.net/i/u/34s/a1fb4deeba8898e802070d4ed673266b.jpg'}, {'size': 'medium', '#text': 'https://lastfm.freetls.fastly.net/i/u/64s/a1fb4deeba8898e802070d4ed673266b.jpg'}, {'size': 'large', '#text': 'https://lastfm.freetls.fastly.net/i/u/174s/a1fb4deeba8898e802070d4ed673266b.jpg'}, {'size': 'extralarge', '#text': 'https://lastfm.freetls.fastly.net/i/u/300x300/a1fb4deeba8898e802070d4ed673266b.jpg'}]",c803e5d6-801a-4ab2-9846-98f2fab783e2,"{'mbid': '987b1f2e-4774-4f10-9259-b31109c686a0', '#text': 'Grudge2'}",Pristine Convenience,https://www.last.fm/music/Dreamcrusher/_/Pristine+Convenience,"{'uts': '1664119137', '#text': '25 Sep 2022, 15:18'}"
28,"{'mbid': 'a77cdc1a-03ad-4015-a2b7-17b7454e3657', '#text': 'Dreamcrusher'}",0,"[{'size': 'small', '#text': 'https://lastfm.freetls.fastly.net/i/u/34s/a1fb4deeba8898e802070d4ed673266b.jpg'}, {'size': 'medium', '#text': 'https://lastfm.freetls.fastly.net/i/u/64s/a1fb4deeba8898e802070d4ed673266b.jpg'}, {'size': 'large', '#text': 'https://lastfm.freetls.fastly.net/i/u/174s/a1fb4deeba8898e802070d4ed673266b.jpg'}, {'size': 'extralarge', '#text': 'https://lastfm.freetls.fastly.net/i/u/300x300/a1fb4deeba8898e802070d4ed673266b.jpg'}]",,"{'mbid': '987b1f2e-4774-4f10-9259-b31109c686a0', '#text': 'Grudge2'}",Youth Problem,https://www.last.fm/music/Dreamcrusher/_/Youth+Problem,"{'uts': '1664118901', '#text': '25 Sep 2022, 15:15'}"
29,"{'mbid': 'a77cdc1a-03ad-4015-a2b7-17b7454e3657', '#text': 'Dreamcrusher'}",0,"[{'size': 'small', '#text': 'https://lastfm.freetls.fastly.net/i/u/34s/a1fb4deeba8898e802070d4ed673266b.jpg'}, {'size': 'medium', '#text': 'https://lastfm.freetls.fastly.net/i/u/64s/a1fb4deeba8898e802070d4ed673266b.jpg'}, {'size': 'large', '#text': 'https://lastfm.freetls.fastly.net/i/u/174s/a1fb4deeba8898e802070d4ed673266b.jpg'}, {'size': 'extralarge', '#text': 'https://lastfm.freetls.fastly.net/i/u/300x300/a1fb4deeba8898e802070d4ed673266b.jpg'}]",2f15d2a1-4f66-48a9-b2b4-21011bd776be,"{'mbid': '987b1f2e-4774-4f10-9259-b31109c686a0', '#text': 'Grudge2'}",Octavia Butler,https://www.last.fm/music/Dreamcrusher/_/Octavia+Butler,"{'uts': '1664118680', '#text': '25 Sep 2022, 15:11'}"
30,"{'mbid': 'a77cdc1a-03ad-4015-a2b7-17b7454e3657', '#text': 'Dreamcrusher'}",0,"[{'size': 'small', '#text': 'https://lastfm.freetls.fastly.net/i/u/34s/a1fb4deeba8898e802070d4ed673266b.jpg'}, {'size': 'medium', '#text': 'https://lastfm.freetls.fastly.net/i/u/64s/a1fb4deeba8898e802070d4ed673266b.jpg'}, {'size': 'large', '#text': 'https://lastfm.freetls.fastly.net/i/u/174s/a1fb4deeba8898e802070d4ed673266b.jpg'}, {'size': 'extralarge', '#text': 'https://lastfm.freetls.fastly.net/i/u/300x300/a1fb4deeba8898e802070d4ed673266b.jpg'}]",e6d7dc7d-71e6-49ae-8c3c-c693fbc00ce9,"{'mbid': '987b1f2e-4774-4f10-9259-b31109c686a0', '#text': 'Grudge2'}",PSA,https://www.last.fm/music/Dreamcrusher/_/PSA,"{'uts': '1664118452', '#text': '25 Sep 2022, 15:07'}"
31,"{'mbid': 'a77cdc1a-03ad-4015-a2b7-17b7454e3657', '#text': 'Dreamcrusher'}",0,"[{'size': 'small', '#text': 'https://lastfm.freetls.fastly.net/i/u/34s/c14a7c1f3f8c920c84aa3edbf627ac49.jpg'}, {'size': 'medium', '#text': 'https://lastfm.freetls.fastly.net/i/u/64s/c14a7c1f3f8c920c84aa3edbf627ac49.jpg'}, {'size': 'large', '#text': 'https://lastfm.freetls.fastly.net/i/u/174s/c14a7c1f3f8c920c84aa3edbf627ac49.jpg'}, {'size': 'extralarge', '#text': 'https://lastfm.freetls.fastly.net/i/u/300x300/c14a7c1f3f8c920c84aa3edbf627ac49.jpg'}]",,"{'mbid': '', '#text': 'Fever'}",Fever,https://www.last.fm/music/Dreamcrusher/_/Fever,"{'uts': '1664118209', '#text': '25 Sep 2022, 15:03'}"
32,"{'mbid': '5c6e44ff-de80-47c4-bdf9-b556cdc55067', '#text': 'Aho Ssan'}",0,"[{'size': 'small', '#text': 'https://lastfm.freetls.fastly.net/i/u/34s/66585fdc100369113d10fc3792f541ae.jpg'}, {'size': 'medium', '#text': 'https://lastfm.freetls.fastly.net/i/u/64s/66585fdc100369113d10fc3792f541ae.jpg'}, {'size': 'large', '#text': 'https://lastfm.freetls.fastly.net/i/u/174s/66585fdc100369113d10fc3792f541ae.jpg'}, {'size': 'extralarge', '#text': 'https://lastfm.freetls.fastly.net/i/u/300x300/66585fdc100369113d10fc3792f541ae.jpg'}]",3ee8ca1f-52a6-4343-8307-389117830627,"{'mbid': '', '#text': 'Berlin Atonal: More Light'}",Wondertomb,https://www.last.fm/music/Aho+Ssan/_/Wondertomb,"{'uts': '1664117811', '#text': '25 Sep 2022, 14:56'}"
33,"{'mbid': '84ca8fa4-7cca-4948-a90a-cb44db29853d', '#text': 'clipping.'}",0,"[{'size': 'small', '#text': 'https://lastfm.freetls.fastly.net/i/u/34s/018cfaf835606f97de6dc3144a2bb38b.png'}, {'size': 'medium', '#text': 'https://lastfm.freetls.fastly.net/i/u/64s/018cfaf835606f97de6dc3144a2bb38b.png'}, {'size': 'large', '#text': 'https://lastfm.freetls.fastly.net/i/u/174s/018cfaf835606f97de6dc3144a2bb38b.png'}, {'size': 'extralarge', '#text': 'https://lastfm.freetls.fastly.net/i/u/300x300/018cfaf835606f97de6dc3144a2bb38b.png'}]",,"{'mbid': '99dfae16-464c-49fb-95da-d83bf836a3be', '#text': 'Visions of Bodies Being Burned'}",Eaten Alive,https://www.last.fm/music/clipping./_/Eaten+Alive,"{'uts': '1664117470', '#text': '25 Sep 2022, 14:51'}"
34,"{'mbid': '', '#text': 'DoS MoNoS'}",0,"[{'size': 'small', '#text': 'https://lastfm.freetls.fastly.net/i/u/34s/122ac07f00d6dbc631d01fd28598c6e3.jpg'}, {'size': 'medium', '#text': 'https://lastfm.freetls.fastly.net/i/u/64s/122ac07f00d6dbc631d01fd28598c6e3.jpg'}, {'size': 'large', '#text': 'https://lastfm.freetls.fastly.net/i/u/174s/122ac07f00d6dbc631d01fd28598c6e3.jpg'}, {'size': 'extralarge', '#text': 'https://lastfm.freetls.fastly.net/i/u/300x300/122ac07f00d6dbc631d01fd28598c6e3.jpg'}]",,"{'mbid': '', '#text': '王墓'}",王墓,https://www.last.fm/music/DoS+MoNoS/_/%E7%8E%8B%E5%A2%93,"{'uts': '1664117339', '#text': '25 Sep 2022, 14:48'}"
35,"{'mbid': '', '#text': 'Cola'}",0,"[{'size': 'small', '#text': 'https://lastfm.freetls.fastly.net/i/u/34s/b706e403e3bf69a369c8e03578563ccf.jpg'}, {'size': 'medium', '#text': 'https://lastfm.freetls.fastly.net/i/u/64s/b706e403e3bf69a369c8e03578563ccf.jpg'}, {'size': 'large', '#text': 'https://lastfm.freetls.fastly.net/i/u/174s/b706e403e3bf69a369c8e03578563ccf.jpg'}, {'size': 'extralarge', '#text': 'https://lastfm.freetls.fastly.net/i/u/300x300/b706e403e3bf69a369c8e03578563ccf.jpg'}]",ee66c762-2a0c-4316-ba1e-b8d7bf47aaf3,"{'mbid': '3fcb85dc-abef-430e-b1af-4dbcae059114', '#text': 'Deep in View'}",Met Resistance,https://www.last.fm/music/Cola/_/Met+Resistance,"{'uts': '1664033799', '#text': '24 Sep 2022, 15:36'}"
36,"{'mbid': '', '#text': 'Cola'}",0,"[{'size': 'small', '#text': 'https://lastfm.freetls.fastly.net/i/u/34s/b706e403e3bf69a369c8e03578563ccf.jpg'}, {'size': 'medium', '#text': 'https://lastfm.freetls.fastly.net/i/u/64s/b706e403e3bf69a369c8e03578563ccf.jpg'}, {'size': 'large', '#text': 'https://lastfm.freetls.fastly.net/i/u/174s/b706e403e3bf69a369c8e03578563ccf.jpg'}, {'size': 'extralarge', '#text': 'https://lastfm.freetls.fastly.net/i/u/300x300/b706e403e3bf69a369c8e03578563ccf.jpg'}]",4c4bbedc-3777-4a96-94dd-232974179420,"{'mbid': '3fcb85dc-abef-430e-b1af-4dbcae059114', '#text': 'Deep in View'}",At Pace,https://www.last.fm/music/Cola/_/At+Pace,"{'uts': '1664033606', '#text': '24 Sep 2022, 15:33'}"
37,"{'mbid': '', '#text': 'Cola'}",0,"[{'size': 'small', '#text': 'https://lastfm.freetls.fastly.net/i/u/34s/b706e403e3bf69a369c8e03578563ccf.jpg'}, {'size': 'medium', '#text': 'https://lastfm.freetls.fastly.net/i/u/64s/b706e403e3bf69a369c8e03578563ccf.jpg'}, {'size': 'large', '#text': 'https://lastfm.freetls.fastly.net/i/u/174s/b706e403e3bf69a369c8e03578563ccf.jpg'}, {'size': 'extralarge', '#text': 'https://lastfm.freetls.fastly.net/i/u/300x300/b706e403e3bf69a369c8e03578563ccf.jpg'}]",8a72fedc-ea9a-4f8c-bb8e-34ce06e815a0,"{'mbid': '3fcb85dc-abef-430e-b1af-4dbcae059114', '#text': 'Deep in View'}",So Excited,https://www.last.fm/music/Cola/_/So+Excited,"{'uts': '1664033418', '#text': '24 Sep 2022, 15:30'}"
38,"{'mbid': '', '#text': 'Cola'}",0,"[{'size': 'small', '#text': 'https://lastfm.freetls.fastly.net/i/u/34s/b706e403e3bf69a369c8e03578563ccf.jpg'}, {'size': 'medium', '#text': 'https://lastfm.freetls.fastly.net/i/u/64s/b706e403e3bf69a369c8e03578563ccf.jpg'}, {'size': 'large', '#text': 'https://lastfm.freetls.fastly.net/i/u/174s/b706e403e3bf69a369c8e03578563ccf.jpg'}, {'size': 'extralarge', '#text': 'https://lastfm.freetls.fastly.net/i/u/300x300/b706e403e3bf69a369c8e03578563ccf.jpg'}]",9a812a1e-8bd6-498e-8fdf-4456ad97884d,"{'mbid': '3fcb85dc-abef-430e-b1af-4dbcae059114', '#text': 'Deep in View'}",Blank Curtain,https://www.last.fm/music/Cola/_/Blank+Curtain,"{'uts': '1664033238', '#text': '24 Sep 2022, 15:27'}"
39,"{'mbid': 'e52c3c7a-1ded-49e0-91d3-f627658b3d8a', '#text': 'Heilung'}",0,"[{'size': 'small', '#text': 'https://lastfm.freetls.fastly.net/i/u/34s/d580dd6040d8bb2832d72cc937127026.png'}, {'size': 'medium', '#text': 'https://lastfm.freetls.fastly.net/i/u/64s/d580dd6040d8bb2832d72cc937127026.png'}, {'size': 'large', '#text': 'https://lastfm.freetls.fastly.net/i/u/174s/d580dd6040d8bb2832d72cc937127026.png'}, {'size': 'extralarge', '#text': 'https://lastfm.freetls.fastly.net/i/u/300x300/d580dd6040d8bb2832d72cc937127026.png'}]",f6a94e8e-9fc0-4d43-abec-b38c8f9e1257,"{'mbid': 'ad2b7ded-0903-4560-a6ae-fc210c1a2fea', '#text': 'Drif'}",Anoana,https://www.last.fm/music/Heilung/_/Anoana,"{'uts': '1664032588', '#text': '24 Sep 2022, 15:16'}"
40,"{'mbid': '', '#text': 'Robin Carolan'}",0,"[{'size': 'small', '#text': 'https://lastfm.freetls.fastly.net/i/u/34s/7aae181a9cc64b3fc5daa5a19838e5e3.jpg'}, {'size': 'medium', '#text': 'https://lastfm.freetls.fastly.net/i/u/64s/7aae181a9cc64b3fc5daa5a19838e5e3.jpg'}, {'size': 'large', '#text': 'https://lastfm.freetls.fastly.net/i/u/174s/7aae181a9cc64b3fc5daa5a19838e5e3.jpg'}, {'size': 'extralarge', '#text': 'https://lastfm.freetls.fastly.net/i/u/300x300/7aae181a9cc64b3fc5daa5a19838e5e3.jpg'}]",,"{'mbid': '', '#text': 'The Northman (Original Motion Picture Soundtrack)'}",Approaching Hrafnsey,https://www.last.fm/music/Robin+Carolan/_/Approaching+Hrafnsey,"{'uts': '1664032291', '#text': '24 Sep 2022, 15:11'}"
41,"{'mbid': '', '#text': 'Kveld'}",0,"[{'size': 'small', '#text': 'https://lastfm.freetls.fastly.net/i/u/34s/c54438d34d03dbffccbae1872b088438.jpg'}, {'size': 'medium', '#text': 'https://lastfm.freetls.fastly.net/i/u/64s/c54438d34d03dbffccbae1872b088438.jpg'}, {'size': 'large', '#text': 'https://lastfm.freetls.fastly.net/i/u/174s/c54438d34d03dbffccbae1872b088438.jpg'}, {'size': 'extralarge', '#text': 'https://lastfm.freetls.fastly.net/i/u/300x300/c54438d34d03dbffccbae1872b088438.jpg'}]",,"{'mbid': '', '#text': 'Sunnasritual'}",Salida,https://www.last.fm/music/Kveld/_/Salida,"{'uts': '1664032166', '#text': '24 Sep 2022, 15:09'}"
42,"{'mbid': 'fba04e6d-4d39-4c0d-87dd-eee24023e458', '#text': 'Artesia'}",0,"[{'size': 'small', '#text': 'https://lastfm.freetls.fastly.net/i/u/34s/c3d08349b3b8823bd79b2ed3401d8c50.jpg'}, {'size': 'medium', '#text': 'https://lastfm.freetls.fastly.net/i/u/64s/c3d08349b3b8823bd79b2ed3401d8c50.jpg'}, {'size': 'large', '#text': 'https://lastfm.freetls.fastly.net/i/u/174s/c3d08349b3b8823bd79b2ed3401d8c50.jpg'}, {'size': 'extralarge', '#text': 'https://lastfm.freetls.fastly.net/i/u/300x300/c3d08349b3b8823bd79b2ed3401d8c50.jpg'}]",3d341577-a0ce-30a8-854a-e96a2a988b86,"{'mbid': 'a9a8e8c6-f2df-4d73-9ee9-56f183428033', '#text': 'Wanderings'}",A l'ombre des grandes forêts,https://www.last.fm/music/Artesia/_/A+l%27ombre+des+grandes+for%C3%AAts,"{'uts': '1664032031', '#text': '24 Sep 2022, 15:07'}"
43,"{'mbid': 'a7246e01-44e5-4a68-9e6c-8c06ecfc7565', '#text': 'Osi And The Jupiter'}",0,"[{'size': 'small', '#text': 'https://lastfm.freetls.fastly.net/i/u/34s/3364ee56213bb53e04dae88d96064722.jpg'}, {'size': 'medium', '#text': 'https://lastfm.freetls.fastly.net/i/u/64s/3364ee56213bb53e04dae88d96064722.jpg'}, {'size': 'large', '#text': 'https://lastfm.freetls.fastly.net/i/u/174s/3364ee56213bb53e04dae88d96064722.jpg'}, {'size': 'extralarge', '#text': 'https://lastfm.freetls.fastly.net/i/u/300x300/3364ee56213bb53e04dae88d96064722.jpg'}]",1f007361-0da5-4432-a62b-62126feacff5,"{'mbid': '54cf216d-17ec-49fc-aef3-6651f58ce6f0', '#text': 'Stave'}",Wights,https://www.last.fm/music/Osi+And+The+Jupiter/_/Wights,"{'uts': '1664031858', '#text': '24 Sep 2022, 15:04'}"
44,"{'mbid': 'e52c3c7a-1ded-49e0-91d3-f627658b3d8a', '#text': 'Heilung'}",0,"[{'size': 'small', '#text': 'https://lastfm.freetls.fastly.net/i/u/34s/d580dd6040d8bb2832d72cc937127026.png'}, {'size': 'medium', '#text': 'https://lastfm.freetls.fastly.net/i/u/64s/d580dd6040d8bb2832d72cc937127026.png'}, {'size': 'large', '#text': 'https://lastfm.freetls.fastly.net/i/u/174s/d580dd6040d8bb2832d72cc937127026.png'}, {'size': 'extralarge', '#text': 'https://lastfm.freetls.fastly.net/i/u/300x300/d580dd6040d8bb2832d72cc937127026.png'}]",924c0a6e-c71a-4ed8-8483-df6acf4ffaa0,"{'mbid': 'ad2b7ded-0903-4560-a6ae-fc210c1a2fea', '#text': 'Drif'}",Buslas Bann,https://www.last.fm/music/Heilung/_/Buslas+Bann,"{'uts': '1664031653', '#text': '24 Sep 2022, 15:00'}"
45,"{'mbid': '', '#text': 'Robin Carolan'}",0,"[{'size': 'small', '#text': 'https://lastfm.freetls.fastly.net/i/u/34s/7aae181a9cc64b3fc5daa5a19838e5e3.jpg'}, {'size': 'medium', '#text': 'https://lastfm.freetls.fastly.net/i/u/64s/7aae181a9cc64b3fc5daa5a19838e5e3.jpg'}, {'size': 'large', '#text': 'https://lastfm.freetls.fastly.net/i/u/174s/7aae181a9cc64b3fc5daa5a19838e5e3.jpg'}, {'size': 'extralarge', '#text': 'https://lastfm.freetls.fastly.net/i/u/300x300/7aae181a9cc64b3fc5daa5a19838e5e3.jpg'}]",,"{'mbid': '', '#text': 'The Northman (Original Motion Picture Soundtrack)'}",Entering the Temple,https://www.last.fm/music/Robin+Carolan/_/Entering+the+Temple,"{'uts': '1664031349', '#text': '24 Sep 2022, 14:55'}"
46,"{'mbid': '', '#text': 'EMIAN'}",0,"[{'size': 'small', '#text': 'https://lastfm.freetls.fastly.net/i/u/34s/6f31548bef6d6edddab47e3f2f00e10d.jpg'}, {'size': 'medium', '#text': 'https://lastfm.freetls.fastly.net/i/u/64s/6f31548bef6d6edddab47e3f2f00e10d.jpg'}, {'size': 'large', '#text': 'https://lastfm.freetls.fastly.net/i/u/174s/6f31548bef6d6edddab47e3f2f00e10d.jpg'}, {'size': 'extralarge', '#text': 'https://lastfm.freetls.fastly.net/i/u/300x300/6f31548bef6d6edddab47e3f2f00e10d.jpg'}]",64f855a1-02aa-48a9-b328-40b6d61d687e,"{'mbid': 'd2a6be25-658f-4733-ada2-8f622e68a658', '#text': 'Khymeia'}",Tribus Hirpeis,https://www.last.fm/music/EMIAN/_/Tribus+Hirpeis,"{'uts': '1664031234', '#text': '24 Sep 2022, 14:53'}"
47,"{'mbid': '6635218e-2c5e-4ff5-9fc2-a9f835cacff5', '#text': 'Eliwagar'}",0,"[{'size': 'small', '#text': 'https://lastfm.freetls.fastly.net/i/u/34s/264d579c43c9468babd33febf6067fba.jpg'}, {'size': 'medium', '#text': 'https://lastfm.freetls.fastly.net/i/u/64s/264d579c43c9468babd33febf6067fba.jpg'}, {'size': 'large', '#text': 'https://lastfm.freetls.fastly.net/i/u/174s/264d579c43c9468babd33febf6067fba.jpg'}, {'size': 'extralarge', '#text': 'https://lastfm.freetls.fastly.net/i/u/300x300/264d579c43c9468babd33febf6067fba.jpg'}]",7a9a4b1b-c381-4592-9b85-cd4210d98310,"{'mbid': '34b665d8-69cb-45cc-87aa-466e27ab4ef1', '#text': 'Fra Hjertet Av Norden'}",Isfjell,https://www.last.fm/music/Eliwagar/_/Isfjell,"{'uts': '1664031159', '#text': '24 Sep 2022, 14:52'}"
48,"{'mbid': 'a7246e01-44e5-4a68-9e6c-8c06ecfc7565', '#text': 'Osi And The Jupiter'}",0,"[{'size': 'small', '#text': 'https://lastfm.freetls.fastly.net/i/u/34s/d7cb5951c0530660883f978c91ea8490.jpg'}, {'size': 'medium', '#text': 'https://lastfm.freetls.fastly.net/i/u/64s/d7cb5951c0530660883f978c91ea8490.jpg'}, {'size': 'large', '#text': 'https://lastfm.freetls.fastly.net/i/u/174s/d7cb5951c0530660883f978c91ea8490.jpg'}, {'size': 'extralarge', '#text': 'https://lastfm.freetls.fastly.net/i/u/300x300/d7cb5951c0530660883f978c91ea8490.jpg'}]",261ecfea-aab0-49ed-927e-65091fcfcc09,"{'mbid': 'eeaa2d97-09cb-461c-a00f-afff29217abc', '#text': 'Nordlige Rúnaskog'}",Grå Hest,https://www.last.fm/music/Osi+And+The+Jupiter/_/Gr%C3%A5+Hest,"{'uts': '1664031062', '#text': '24 Sep 2022, 14:51'}"
49,"{'mbid': 'e52c3c7a-1ded-49e0-91d3-f627658b3d8a', '#text': 'Heilung'}",0,"[{'size': 'small', '#text': 'https://lastfm.freetls.fastly.net/i/u/34s/d580dd6040d8bb2832d72cc937127026.png'}, {'size': 'medium', '#text': 'https://lastfm.freetls.fastly.net/i/u/64s/d580dd6040d8bb2832d72cc937127026.png'}, {'size': 'large', '#text': 'https://lastfm.freetls.fastly.net/i/u/174s/d580dd6040d8bb2832d72cc937127026.png'}, {'size': 'extralarge', '#text': 'https://lastfm.freetls.fastly.net/i/u/300x300/d580dd6040d8bb2832d72cc937127026.png'}]",91ce6844-1f48-4514-8cb4-b8339368612c,"{'mbid': 'ad2b7ded-0903-4560-a6ae-fc210c1a2fea', '#text': 'Drif'}",Nikkal,https://www.last.fm/music/Heilung/_/Nikkal,"{'uts': '1664030872', '#text': '24 Sep 2022, 14:47'}"
0,"{'mbid': '', '#text': 'Robin Carolan'}",0,"[{'size': 'small', '#text': 'https://lastfm.freetls.fastly.net/i/u/34s/7aae181a9cc64b3fc5daa5a19838e5e3.jpg'}, {'size': 'medium', '#text': 'https://lastfm.freetls.fastly.net/i/u/64s/7aae181a9cc64b3fc5daa5a19838e5e3.jpg'}, {'size': 'large', '#text': 'https://lastfm.freetls.fastly.net/i/u/174s/7aae181a9cc64b3fc5daa5a19838e5e3.jpg'}, {'size': 'extralarge', '#text': 'https://lastfm.freetls.fastly.net/i/u/300x300/7aae181a9cc64b3fc5daa5a19838e5e3.jpg'}]",,"{'mbid': '', '#text': 'The Northman (Original Motion Picture Soundtrack)'}",The Land of the Rus,https://www.last.fm/music/Robin+Carolan/_/The+Land+of+the+Rus,"{'uts': '1664030688', '#text': '24 Sep 2022, 14:44'}"
1,"{'mbid': '', '#text': 'Vǫluspá'}",0,"[{'size': 'small', '#text': 'https://lastfm.freetls.fastly.net/i/u/34s/1daf94ce5310857a85bfde1d20df29a5.jpg'}, {'size': 'medium', '#text': 'https://lastfm.freetls.fastly.net/i/u/64s/1daf94ce5310857a85bfde1d20df29a5.jpg'}, {'size': 'large', '#text': 'https://lastfm.freetls.fastly.net/i/u/174s/1daf94ce5310857a85bfde1d20df29a5.jpg'}, {'size': 'extralarge', '#text': 'https://lastfm.freetls.fastly.net/i/u/300x300/1daf94ce5310857a85bfde1d20df29a5.jpg'}]",,"{'mbid': '', '#text': 'Trollbunden'}",Alföðr,https://www.last.fm/music/V%C7%ABlusp%C3%A1/_/Alf%C3%B6%C3%B0r,"{'uts': '1664030585', '#text': '24 Sep 2022, 14:43'}"
2,"{'mbid': 'cd92d06d-87df-4e23-82ed-3114ff617ad6', '#text': 'CLANN'}",0,"[{'size': 'small', '#text': 'https://lastfm.freetls.fastly.net/i/u/34s/8607d5df1af4d247369b1581f512b46b.jpg'}, {'size': 'medium', '#text': 'https://lastfm.freetls.fastly.net/i/u/64s/8607d5df1af4d247369b1581f512b46b.jpg'}, {'size': 'large', '#text': 'https://lastfm.freetls.fastly.net/i/u/174s/8607d5df1af4d247369b1581f512b46b.jpg'}, {'size': 'extralarge', '#text': 'https://lastfm.freetls.fastly.net/i/u/300x300/8607d5df1af4d247369b1581f512b46b.jpg'}]",baddc2a3-0ffc-4b8d-ab01-71c487e8f739,"{'mbid': 'b7730993-b55f-4783-828d-526970681f33', '#text': 'Seelie'}",Caves,https://www.last.fm/music/CLANN/_/Caves,"{'uts': '1664030504', '#text': '24 Sep 2022, 14:41'}"
3,"{'mbid': '', '#text': 'Kveld'}",0,"[{'size': 'small', '#text': 'https://lastfm.freetls.fastly.net/i/u/34s/9d495b53e500eebcc2c178e7ba3340b3.jpg'}, {'size': 'medium', '#text': 'https://lastfm.freetls.fastly.net/i/u/64s/9d495b53e500eebcc2c178e7ba3340b3.jpg'}, {'size': 'large', '#text': 'https://lastfm.freetls.fastly.net/i/u/174s/9d495b53e500eebcc2c178e7ba3340b3.jpg'}, {'size': 'extralarge', '#text': 'https://lastfm.freetls.fastly.net/i/u/300x300/9d495b53e500eebcc2c178e7ba3340b3.jpg'}]",,"{'mbid': '', '#text': 'Bundanaz'}",Tuwa,https://www.last.fm/music/Kveld/_/Tuwa,"{'uts': '1664030416', '#text': '24 Sep 2022, 14:40'}"
4,"{'mbid': 'e52c3c7a-1ded-49e0-91d3-f627658b3d8a', '#text': 'Heilung'}",0,"[{'size': 'small', '#text': 'https://lastfm.freetls.fastly.net/i/u/34s/d580dd6040d8bb2832d72cc937127026.png'}, {'size': 'medium', '#text': 'https://lastfm.freetls.fastly.net/i/u/64s/d580dd6040d8bb2832d72cc937127026.png'}, {'size': 'large', '#text': 'https://lastfm.freetls.fastly.net/i/u/174s/d580dd6040d8bb2832d72cc937127026.png'}, {'size': 'extralarge', '#text': 'https://lastfm.freetls.fastly.net/i/u/300x300/d580dd6040d8bb2832d72cc937127026.png'}]",536652a9-b4e4-4639-a7fb-156c6279cb37,"{'mbid': 'ad2b7ded-0903-4560-a6ae-fc210c1a2fea', '#text': 'Drif'}",Asja,https://www.last.fm/music/Heilung/_/Asja,"{'uts': '1664030355', '#text': '24 Sep 2022, 14:39'}"
5,"{'mbid': 'e52c3c7a-1ded-49e0-91d3-f627658b3d8a', '#text': 'Heilung'}",0,"[{'size': 'small', '#text': 'https://lastfm.freetls.fastly.net/i/u/34s/d580dd6040d8bb2832d72cc937127026.png'}, {'size': 'medium', '#text': 'https://lastfm.freetls.fastly.net/i/u/64s/d580dd6040d8bb2832d72cc937127026.png'}, {'size': 'large', '#text': 'https://lastfm.freetls.fastly.net/i/u/174s/d580dd6040d8bb2832d72cc937127026.png'}, {'size': 'extralarge', '#text': 'https://lastfm.freetls.fastly.net/i/u/300x300/d580dd6040d8bb2832d72cc937127026.png'}]",75d55878-8165-4d45-bb62-5afa3c12e50f,"{'mbid': 'ad2b7ded-0903-4560-a6ae-fc210c1a2fea', '#text': 'Drif'}",Marduk,https://www.last.fm/music/Heilung/_/Marduk,"{'uts': '1664030038', '#text': '24 Sep 2022, 14:33'}"
6,"{'mbid': 'e52c3c7a-1ded-49e0-91d3-f627658b3d8a', '#text': 'Heilung'}",0,"[{'size': 'small', '#text': 'https://lastfm.freetls.fastly.net/i/u/34s/d580dd6040d8bb2832d72cc937127026.png'}, {'size': 'medium', '#text': 'https://lastfm.freetls.fastly.net/i/u/64s/d580dd6040d8bb2832d72cc937127026.png'}, {'size': 'large', '#text': 'https://lastfm.freetls.fastly.net/i/u/174s/d580dd6040d8bb2832d72cc937127026.png'}, {'size': 'extralarge', '#text': 'https://lastfm.freetls.fastly.net/i/u/300x300/d580dd6040d8bb2832d72cc937127026.png'}]",91ce6844-1f48-4514-8cb4-b8339368612c,"{'mbid': 'ad2b7ded-0903-4560-a6ae-fc210c1a2fea', '#text': 'Drif'}",Nikkal,https://www.last.fm/music/Heilung/_/Nikkal,"{'uts': '1664029524', '#text': '24 Sep 2022, 14:25'}"
7,"{'mbid': 'e52c3c7a-1ded-49e0-91d3-f627658b3d8a', '#text': 'Heilung'}",0,"[{'size': 'small', '#text': 'https://lastfm.freetls.fastly.net/i/u/34s/d580dd6040d8bb2832d72cc937127026.png'}, {'size': 'medium', '#text': 'https://lastfm.freetls.fastly.net/i/u/64s/d580dd6040d8bb2832d72cc937127026.png'}, {'size': 'large', '#text': 'https://lastfm.freetls.fastly.net/i/u/174s/d580dd6040d8bb2832d72cc937127026.png'}, {'size': 'extralarge', '#text': 'https://lastfm.freetls.fastly.net/i/u/300x300/d580dd6040d8bb2832d72cc937127026.png'}]",924c0a6e-c71a-4ed8-8483-df6acf4ffaa0,"{'mbid': 'ad2b7ded-0903-4560-a6ae-fc210c1a2fea', '#text': 'Drif'}",Buslas Bann,https://www.last.fm/music/Heilung/_/Buslas+Bann,"{'uts': '1664029340', '#text': '24 Sep 2022, 14:22'}"
8,"{'mbid': 'e52c3c7a-1ded-49e0-91d3-f627658b3d8a', '#text': 'Heilung'}",0,"[{'size': 'small', '#text': 'https://lastfm.freetls.fastly.net/i/u/34s/d580dd6040d8bb2832d72cc937127026.png'}, {'size': 'medium', '#text': 'https://lastfm.freetls.fastly.net/i/u/64s/d580dd6040d8bb2832d72cc937127026.png'}, {'size': 'large', '#text': 'https://lastfm.freetls.fastly.net/i/u/174s/d580dd6040d8bb2832d72cc937127026.png'}, {'size': 'extralarge', '#text': 'https://lastfm.freetls.fastly.net/i/u/300x300/d580dd6040d8bb2832d72cc937127026.png'}]",54088918-7af6-48c2-9984-d5d9a2dbe293,"{'mbid': 'ad2b7ded-0903-4560-a6ae-fc210c1a2fea', '#text': 'Drif'}",Nesso,https://www.last.fm/music/Heilung/_/Nesso,"{'uts': '1664028566', '#text': '24 Sep 2022, 14:09'}"
9,"{'mbid': 'e52c3c7a-1ded-49e0-91d3-f627658b3d8a', '#text': 'Heilung'}",0,"[{'size': 'small', '#text': 'https://lastfm.freetls.fastly.net/i/u/34s/d580dd6040d8bb2832d72cc937127026.png'}, {'size': 'medium', '#text': 'https://lastfm.freetls.fastly.net/i/u/64s/d580dd6040d8bb2832d72cc937127026.png'}, {'size': 'large', '#text': 'https://lastfm.freetls.fastly.net/i/u/174s/d580dd6040d8bb2832d72cc937127026.png'}, {'size': 'extralarge', '#text': 'https://lastfm.freetls.fastly.net/i/u/300x300/d580dd6040d8bb2832d72cc937127026.png'}]",59f93a57-58f9-4d52-b9e7-43fd7c1e7de3,"{'mbid': 'ad2b7ded-0903-4560-a6ae-fc210c1a2fea', '#text': 'Drif'}",Keltentrauer,https://www.last.fm/music/Heilung/_/Keltentrauer,"{'uts': '1664028563', '#text': '24 Sep 2022, 14:09'}"
10,"{'mbid': 'e52c3c7a-1ded-49e0-91d3-f627658b3d8a', '#text': 'Heilung'}",0,"[{'size': 'small', '#text': 'https://lastfm.freetls.fastly.net/i/u/34s/d580dd6040d8bb2832d72cc937127026.png'}, {'size': 'medium', '#text': 'https://lastfm.freetls.fastly.net/i/u/64s/d580dd6040d8bb2832d72cc937127026.png'}, {'size': 'large', '#text': 'https://lastfm.freetls.fastly.net/i/u/174s/d580dd6040d8bb2832d72cc937127026.png'}, {'size': 'extralarge', '#text': 'https://lastfm.freetls.fastly.net/i/u/300x300/d580dd6040d8bb2832d72cc937127026.png'}]",ab7a4254-ebd6-44fa-9983-80fdf6eba5a5,"{'mbid': 'ad2b7ded-0903-4560-a6ae-fc210c1a2fea', '#text': 'Drif'}",Urbani,https://www.last.fm/music/Heilung/_/Urbani,"{'uts': '1664028057', '#text': '24 Sep 2022, 14:00'}"
11,"{'mbid': 'e52c3c7a-1ded-49e0-91d3-f627658b3d8a', '#text': 'Heilung'}",0,"[{'size': 'small', '#text': 'https://lastfm.freetls.fastly.net/i/u/34s/d580dd6040d8bb2832d72cc937127026.png'}, {'size': 'medium', '#text': 'https://lastfm.freetls.fastly.net/i/u/64s/d580dd6040d8bb2832d72cc937127026.png'}, {'size': 'large', '#text': 'https://lastfm.freetls.fastly.net/i/u/174s/d580dd6040d8bb2832d72cc937127026.png'}, {'size': 'extralarge', '#text': 'https://lastfm.freetls.fastly.net/i/u/300x300/d580dd6040d8bb2832d72cc937127026.png'}]",deaf18e4-27f2-4bfc-825b-e514d496d82a,"{'mbid': 'ad2b7ded-0903-4560-a6ae-fc210c1a2fea', '#text': 'Drif'}",Tenet,https://www.last.fm/music/Heilung/_/Tenet,"{'uts': '1664026974', '#text': '24 Sep 2022, 13:42'}"
12,"{'mbid': 'e52c3c7a-1ded-49e0-91d3-f627658b3d8a', '#text': 'Heilung'}",0,"[{'size': 'small', '#text': 'https://lastfm.freetls.fastly.net/i/u/34s/d580dd6040d8bb2832d72cc937127026.png'}, {'size': 'medium', '#text': 'https://lastfm.freetls.fastly.net/i/u/64s/d580dd6040d8bb2832d72cc937127026.png'}, {'size': 'large', '#text': 'https://lastfm.freetls.fastly.net/i/u/174s/d580dd6040d8bb2832d72cc937127026.png'}, {'size': 'extralarge', '#text': 'https://lastfm.freetls.fastly.net/i/u/300x300/d580dd6040d8bb2832d72cc937127026.png'}]",f6a94e8e-9fc0-4d43-abec-b38c8f9e1257,"{'mbid': 'ad2b7ded-0903-4560-a6ae-fc210c1a2fea', '#text': 'Drif'}",Anoana,https://www.last.fm/music/Heilung/_/Anoana,"{'uts': '1664026684', '#text': '24 Sep 2022, 13:38'}"
13,"{'mbid': 'e52c3c7a-1ded-49e0-91d3-f627658b3d8a', '#text': 'Heilung'}",0,"[{'size': 'small', '#text': 'https://lastfm.freetls.fastly.net/i/u/34s/d580dd6040d8bb2832d72cc937127026.png'}, {'size': 'medium', '#text': 'https://lastfm.freetls.fastly.net/i/u/64s/d580dd6040d8bb2832d72cc937127026.png'}, {'size': 'large', '#text': 'https://lastfm.freetls.fastly.net/i/u/174s/d580dd6040d8bb2832d72cc937127026.png'}, {'size': 'extralarge', '#text': 'https://lastfm.freetls.fastly.net/i/u/300x300/d580dd6040d8bb2832d72cc937127026.png'}]",536652a9-b4e4-4639-a7fb-156c6279cb37,"{'mbid': 'ad2b7ded-0903-4560-a6ae-fc210c1a2fea', '#text': 'Drif'}",Asja,https://www.last.fm/music/Heilung/_/Asja,"{'uts': '1664026684', '#text': '24 Sep 2022, 13:38'}"
14,"{'mbid': '', '#text': 'Cola'}",0,"[{'size': 'small', '#text': 'https://lastfm.freetls.fastly.net/i/u/34s/b706e403e3bf69a369c8e03578563ccf.jpg'}, {'size': 'medium', '#text': 'https://lastfm.freetls.fastly.net/i/u/64s/b706e403e3bf69a369c8e03578563ccf.jpg'}, {'size': 'large', '#text': 'https://lastfm.freetls.fastly.net/i/u/174s/b706e403e3bf69a369c8e03578563ccf.jpg'}, {'size': 'extralarge', '#text': 'https://lastfm.freetls.fastly.net/i/u/300x300/b706e403e3bf69a369c8e03578563ccf.jpg'}]",2e5cc4ec-4cb1-41b9-ba39-a41a882382f2,"{'mbid': '3fcb85dc-abef-430e-b1af-4dbcae059114', '#text': 'Deep in View'}",Mint,https://www.last.fm/music/Cola/_/Mint,"{'uts': '1663960413', '#text': '23 Sep 2022, 19:13'}"
15,"{'mbid': '', '#text': 'Cola'}",0,"[{'size': 'small', '#text': 'https://lastfm.freetls.fastly.net/i/u/34s/b706e403e3bf69a369c8e03578563ccf.jpg'}, {'size': 'medium', '#text': 'https://lastfm.freetls.fastly.net/i/u/64s/b706e403e3bf69a369c8e03578563ccf.jpg'}, {'size': 'large', '#text': 'https://lastfm.freetls.fastly.net/i/u/174s/b706e403e3bf69a369c8e03578563ccf.jpg'}, {'size': 'extralarge', '#text': 'https://lastfm.freetls.fastly.net/i/u/300x300/b706e403e3bf69a369c8e03578563ccf.jpg'}]",25aacdd0-0f42-44ac-854e-4fc599364705,"{'mbid': '3fcb85dc-abef-430e-b1af-4dbcae059114', '#text': 'Deep in View'}",Gossamer,https://www.last.fm/music/Cola/_/Gossamer,"{'uts': '1663960215', '#text': '23 Sep 2022, 19:10'}"
16,"{'mbid': '', '#text': 'Cola'}",0,"[{'size': 'small', '#text': 'https://lastfm.freetls.fastly.net/i/u/34s/b706e403e3bf69a369c8e03578563ccf.jpg'}, {'size': 'medium', '#text': 'https://lastfm.freetls.fastly.net/i/u/64s/b706e403e3bf69a369c8e03578563ccf.jpg'}, {'size': 'large', '#text': 'https://lastfm.freetls.fastly.net/i/u/174s/b706e403e3bf69a369c8e03578563ccf.jpg'}, {'size': 'extralarge', '#text': 'https://lastfm.freetls.fastly.net/i/u/300x300/b706e403e3bf69a369c8e03578563ccf.jpg'}]",f4244c44-19b8-456a-b440-d8ecce8e5fe6,"{'mbid': '3fcb85dc-abef-430e-b1af-4dbcae059114', '#text': 'Deep in View'}",Water Table,https://www.last.fm/music/Cola/_/Water+Table,"{'uts': '1663959971', '#text': '23 Sep 2022, 19:06'}"
17,"{'mbid': '', '#text': 'Cola'}",0,"[{'size': 'small', '#text': 'https://lastfm.freetls.fastly.net/i/u/34s/b706e403e3bf69a369c8e03578563ccf.jpg'}, {'size': 'medium', '#text': 'https://lastfm.freetls.fastly.net/i/u/64s/b706e403e3bf69a369c8e03578563ccf.jpg'}, {'size': 'large', '#text': 'https://lastfm.freetls.fastly.net/i/u/174s/b706e403e3bf69a369c8e03578563ccf.jpg'}, {'size': 'extralarge', '#text': 'https://lastfm.freetls.fastly.net/i/u/300x300/b706e403e3bf69a369c8e03578563ccf.jpg'}]",3b199884-fb91-402c-8f3f-c6db8e1f1f5c,"{'mbid': '3fcb85dc-abef-430e-b1af-4dbcae059114', '#text': 'Deep in View'}",Degree,https://www.last.fm/music/Cola/_/Degree,"{'uts': '1663959799', '#text': '23 Sep 2022, 19:03'}"
18,"{'mbid': '', '#text': 'Cola'}",0,"[{'size': 'small', '#text': 'https://lastfm.freetls.fastly.net/i/u/34s/b706e403e3bf69a369c8e03578563ccf.jpg'}, {'size': 'medium', '#text': 'https://lastfm.freetls.fastly.net/i/u/64s/b706e403e3bf69a369c8e03578563ccf.jpg'}, {'size': 'large', '#text': 'https://lastfm.freetls.fastly.net/i/u/174s/b706e403e3bf69a369c8e03578563ccf.jpg'}, {'size': 'extralarge', '#text': 'https://lastfm.freetls.fastly.net/i/u/300x300/b706e403e3bf69a369c8e03578563ccf.jpg'}]",ee66c762-2a0c-4316-ba1e-b8d7bf47aaf3,"{'mbid': '3fcb85dc-abef-430e-b1af-4dbcae059114', '#text': 'Deep in View'}",Met Resistance,https://www.last.fm/music/Cola/_/Met+Resistance,"{'uts': '1663959606', '#text': '23 Sep 2022, 19:00'}"
19,"{'mbid': '', '#text': 'Cola'}",0,"[{'size': 'small', '#text': 'https://lastfm.freetls.fastly.net/i/u/34s/b706e403e3bf69a369c8e03578563ccf.jpg'}, {'size': 'medium', '#text': 'https://lastfm.freetls.fastly.net/i/u/64s/b706e403e3bf69a369c8e03578563ccf.jpg'}, {'size': 'large', '#text': 'https://lastfm.freetls.fastly.net/i/u/174s/b706e403e3bf69a369c8e03578563ccf.jpg'}, {'size': 'extralarge', '#text': 'https://lastfm.freetls.fastly.net/i/u/300x300/b706e403e3bf69a369c8e03578563ccf.jpg'}]",4c4bbedc-3777-4a96-94dd-232974179420,"{'mbid': '3fcb85dc-abef-430e-b1af-4dbcae059114', '#text': 'Deep in View'}",At Pace,https://www.last.fm/music/Cola/_/At+Pace,"{'uts': '1663959420', '#text': '23 Sep 2022, 18:57'}"
20,"{'mbid': 'efae29b4-8d16-4ff7-98ba-ccd9ab6ef98f', '#text': 'Divide and Dissolve'}",0,"[{'size': 'small', '#text': 'https://lastfm.freetls.fastly.net/i/u/34s/edb5d07ad661524d25d2e44bf65b4c04.jpg'}, {'size': 'medium', '#text': 'https://lastfm.freetls.fastly.net/i/u/64s/edb5d07ad661524d25d2e44bf65b4c04.jpg'}, {'size': 'large', '#text': 'https://lastfm.freetls.fastly.net/i/u/174s/edb5d07ad661524d25d2e44bf65b4c04.jpg'}, {'size': 'extralarge', '#text': 'https://lastfm.freetls.fastly.net/i/u/300x300/edb5d07ad661524d25d2e44bf65b4c04.jpg'}]",350e6428-9f87-4a6a-adc9-584f93d4b1f0,"{'mbid': 'cf4689e0-37e5-427b-b249-4102c597c5d7', '#text': 'TFW'}",RVR,https://www.last.fm/music/Divide+and+Dissolve/_/RVR,"{'uts': '1663954065', '#text': '23 Sep 2022, 17:27'}"
21,"{'mbid': '', '#text': 'Jana Rush'}",0,"[{'size': 'small', '#text': 'https://lastfm.freetls.fastly.net/i/u/34s/4294c5545239e0df38b5d1ac77284b68.jpg'}, {'size': 'medium', '#text': 'https://lastfm.freetls.fastly.net/i/u/64s/4294c5545239e0df38b5d1ac77284b68.jpg'}, {'size': 'large', '#text': 'https://lastfm.freetls.fastly.net/i/u/174s/4294c5545239e0df38b5d1ac77284b68.jpg'}, {'size': 'extralarge', '#text': 'https://lastfm.freetls.fastly.net/i/u/300x300/4294c5545239e0df38b5d1ac77284b68.jpg'}]",bc71f09a-7ba3-4609-87cf-2bcbed48314b,"{'mbid': '3d41c2ca-63c1-4613-83f2-e76b954a8112', '#text': 'Pariah'}",Break It,https://www.last.fm/music/Jana+Rush/_/Break+It,"{'uts': '1663953856', '#text': '23 Sep 2022, 17:24'}"
22,"{'mbid': 'e37d165a-0114-499a-988c-22c0ba79eaf2', '#text': 'Zebra Katz'}",0,"[{'size': 'small', '#text': 'https://lastfm.freetls.fastly.net/i/u/34s/73efbbfd57a18c24cdc6cca24446de42.jpg'}, {'size': 'medium', '#text': 'https://lastfm.freetls.fastly.net/i/u/64s/73efbbfd57a18c24cdc6cca24446de42.jpg'}, {'size': 'large', '#text': 'https://lastfm.freetls.fastly.net/i/u/174s/73efbbfd57a18c24cdc6cca24446de42.jpg'}, {'size': 'extralarge', '#text': 'https://lastfm.freetls.fastly.net/i/u/300x300/73efbbfd57a18c24cdc6cca24446de42.jpg'}]",,"{'mbid': '', '#text': 'BEEN KNOWN - A COLORS SHOW'}",BEEN KNOWN - A COLORS SHOW,https://www.last.fm/music/Zebra+Katz/_/BEEN+KNOWN+-+A+COLORS+SHOW,"{'uts': '1663953708', '#text': '23 Sep 2022, 17:21'}"
23,"{'mbid': '655e9772-27c1-4aba-843d-acabfd29f8a8', '#text': 'They Hate Change'}",0,"[{'size': 'small', '#text': 'https://lastfm.freetls.fastly.net/i/u/34s/8d15cfe7921ca7048f3ce611cb2c3d76.jpg'}, {'size': 'medium', '#text': 'https://lastfm.freetls.fastly.net/i/u/64s/8d15cfe7921ca7048f3ce611cb2c3d76.jpg'}, {'size': 'large', '#text': 'https://lastfm.freetls.fastly.net/i/u/174s/8d15cfe7921ca7048f3ce611cb2c3d76.jpg'}, {'size': 'extralarge', '#text': 'https://lastfm.freetls.fastly.net/i/u/300x300/8d15cfe7921ca7048f3ce611cb2c3d76.jpg'}]",,"{'mbid': '617a8b1a-7bf8-420b-9e7b-16f5dfca6319', '#text': 'Finally, New'}",Breathing,https://www.last.fm/music/They+Hate+Change/_/Breathing,"{'uts': '1663953521', '#text': '23 Sep 2022, 17:18'}"
24,"{'mbid': '7fdcca4c-b2ea-4fa5-b0b6-59a5a14c1a0d', '#text': 'KMRU'}",0,"[{'size': 'small', '#text': 'https://lastfm.freetls.fastly.net/i/u/34s/b0ed43ace3831c9f2d4d15e50b3f3dd8.jpg'}, {'size': 'medium', '#text': 'https://lastfm.freetls.fastly.net/i/u/64s/b0ed43ace3831c9f2d4d15e50b3f3dd8.jpg'}, {'size': 'large', '#text': 'https://lastfm.freetls.fastly.net/i/u/174s/b0ed43ace3831c9f2d4d15e50b3f3dd8.jpg'}, {'size': 'extralarge', '#text': 'https://lastfm.freetls.fastly.net/i/u/300x300/b0ed43ace3831c9f2d4d15e50b3f3dd8.jpg'}]",497516ce-f27a-4742-81c2-53d06766030b,"{'mbid': '94d60507-6574-4d29-898d-faf8b1530be9', '#text': 'Peel'}",Klang,https://www.last.fm/music/KMRU/_/Klang,"{'uts': '1663953150', '#text': '23 Sep 2022, 17:12'}"
25,"{'mbid': '5c6e44ff-de80-47c4-bdf9-b556cdc55067', '#text': 'Aho Ssan'}",0,"[{'size': 'small', '#text': 'https://lastfm.freetls.fastly.net/i/u/34s/cbeb06c8a8aa562e6263035e735adb5b.jpg'}, {'size': 'medium', '#text': 'https://lastfm.freetls.fastly.net/i/u/64s/cbeb06c8a8aa562e6263035e735adb5b.jpg'}, {'size': 'large', '#text': 'https://lastfm.freetls.fastly.net/i/u/174s/cbeb06c8a8aa562e6263035e735adb5b.jpg'}, {'size': 'extralarge', '#text': 'https://lastfm.freetls.fastly.net/i/u/300x300/cbeb06c8a8aa562e6263035e735adb5b.jpg'}]",69949e65-c90c-4976-bddd-6ef8d7036228,"{'mbid': 'c9f73c0f-88e3-4172-be71-6113804bd462', '#text': 'Simulacrum'}",Simulacrum III,https://www.last.fm/music/Aho+Ssan/_/Simulacrum+III,"{'uts': '1663952813', '#text': '23 Sep 2022, 17:06'}"
26,"{'mbid': '', '#text': 'Manuka Honey'}",0,"[{'size': 'small', '#text': 'https://lastfm.freetls.fastly.net/i/u/34s/3015ca39dbfaeec0ffdf378aa2266855.jpg'}, {'size': 'medium', '#text': 'https://lastfm.freetls.fastly.net/i/u/64s/3015ca39dbfaeec0ffdf378aa2266855.jpg'}, {'size': 'large', '#text': 'https://lastfm.freetls.fastly.net/i/u/174s/3015ca39dbfaeec0ffdf378aa2266855.jpg'}, {'size': 'extralarge', '#text': 'https://lastfm.freetls.fastly.net/i/u/300x300/3015ca39dbfaeec0ffdf378aa2266855.jpg'}]",f28d6e3b-492b-4360-aa67-29e3a8341bca,"{'mbid': '22ddd958-4b53-4591-8ea4-a2b809d30514', '#text': 'Industrial Princess'}",Industrial Princess,https://www.last.fm/music/Manuka+Honey/_/Industrial+Princess,"{'uts': '1663952563', '#text': '23 Sep 2022, 17:02'}"
27,"{'mbid': 'f9a105ba-a600-4116-bf6c-4f7d5b10ebba', '#text': 'Candie Hank'}",0,"[{'size': 'small', '#text': 'https://lastfm.freetls.fastly.net/i/u/34s/c2a1c9d109e54011a2acd2c9dff8d11e.jpg'}, {'size': 'medium', '#text': 'https://lastfm.freetls.fastly.net/i/u/64s/c2a1c9d109e54011a2acd2c9dff8d11e.jpg'}, {'size': 'large', '#text': 'https://lastfm.freetls.fastly.net/i/u/174s/c2a1c9d109e54011a2acd2c9dff8d11e.jpg'}, {'size': 'extralarge', '#text': 'https://lastfm.freetls.fastly.net/i/u/300x300/c2a1c9d109e54011a2acd2c9dff8d11e.jpg'}]",,"{'mbid': '546cd71e-f9e5-4b9b-ad39-d6b3d3a50b54', '#text': 'Groucho Running'}",We All go Die Tonite,https://www.last.fm/music/Candie+Hank/_/We+All+go+Die+Tonite,"{'uts': '1663952314', '#text': '23 Sep 2022, 16:58'}"
28,"{'mbid': '', '#text': 'DoS MoNoS'}",0,"[{'size': 'small', '#text': 'https://lastfm.freetls.fastly.net/i/u/34s/a6652e61ffec1cd763378a472d4fd8f3.jpg'}, {'size': 'medium', '#text': 'https://lastfm.freetls.fastly.net/i/u/64s/a6652e61ffec1cd763378a472d4fd8f3.jpg'}, {'size': 'large', '#text': 'https://lastfm.freetls.fastly.net/i/u/174s/a6652e61ffec1cd763378a472d4fd8f3.jpg'}, {'size': 'extralarge', '#text': 'https://lastfm.freetls.fastly.net/i/u/300x300/a6652e61ffec1cd763378a472d4fd8f3.jpg'}]",,"{'mbid': '63755230-5085-48f4-b1bc-528c7b61b27e', '#text': 'Dos Siki'}",Aquarius (feat.Injury Reserve),https://www.last.fm/music/DoS+MoNoS/_/Aquarius+(feat.Injury+Reserve),"{'uts': '1663952077', '#text': '23 Sep 2022, 16:54'}"
29,"{'mbid': '4894f8eb-be75-4bd5-a3a3-7c20894439f9', '#text': 'Jeff Parker'}",0,"[{'size': 'small', '#text': 'https://lastfm.freetls.fastly.net/i/u/34s/5b2185ac2c9722c1cf6fda12e8d44c04.jpg'}, {'size': 'medium', '#text': 'https://lastfm.freetls.fastly.net/i/u/64s/5b2185ac2c9722c1cf6fda12e8d44c04.jpg'}, {'size': 'large', '#text': 'https://lastfm.freetls.fastly.net/i/u/174s/5b2185ac2c9722c1cf6fda12e8d44c04.jpg'}, {'size': 'extralarge', '#text': 'https://lastfm.freetls.fastly.net/i/u/300x300/5b2185ac2c9722c1cf6fda12e8d44c04.jpg'}]",0c78a160-1a24-48d2-be72-2204de2b2c77,"{'mbid': '02366cb1-c9da-417f-a7c4-a1a17700ab77', '#text': 'Suite for Max Brown'}",Fusion Swirl,https://www.last.fm/music/Jeff+Parker/_/Fusion+Swirl,"{'uts': '1663951744', '#text': '23 Sep 2022, 16:49'}"
30,"{'mbid': '7fdcca4c-b2ea-4fa5-b0b6-59a5a14c1a0d', '#text': 'KMRU'}",0,"[{'size': 'small', '#text': 'https://lastfm.freetls.fastly.net/i/u/34s/cb0b46f3de2122895979858f8494624b.jpg'}, {'size': 'medium', '#text': 'https://lastfm.freetls.fastly.net/i/u/64s/cb0b46f3de2122895979858f8494624b.jpg'}, {'size': 'large', '#text': 'https://lastfm.freetls.fastly.net/i/u/174s/cb0b46f3de2122895979858f8494624b.jpg'}, {'size': 'extralarge', '#text': 'https://lastfm.freetls.fastly.net/i/u/300x300/cb0b46f3de2122895979858f8494624b.jpg'}]",10310143-40d6-4f21-938f-c436b3c7704e,"{'mbid': 'd3fb25bf-aa7b-4f21-9ed1-cf0b8e5584e4', '#text': 'logue'}",Jinja Encounters,https://www.last.fm/music/KMRU/_/Jinja+Encounters,"{'uts': '1663951510', '#text': '23 Sep 2022, 16:45'}"
31,"{'mbid': '1b10e0a0-d73c-44a6-9ff6-af18eed52884', '#text': 'nkisi'}",0,"[{'size': 'small', '#text': 'https://lastfm.freetls.fastly.net/i/u/34s/6adb90b6e3d5f89903e42b535bdabf33.png'}, {'size': 'medium', '#text': 'https://lastfm.freetls.fastly.net/i/u/64s/6adb90b6e3d5f89903e42b535bdabf33.png'}, {'size': 'large', '#text': 'https://lastfm.freetls.fastly.net/i/u/174s/6adb90b6e3d5f89903e42b535bdabf33.png'}, {'size': 'extralarge', '#text': 'https://lastfm.freetls.fastly.net/i/u/300x300/6adb90b6e3d5f89903e42b535bdabf33.png'}]",5afcbd15-b5b8-4019-9eea-8793829494ba,"{'mbid': '8fc673cb-2f1f-45de-bbc3-a349ee77ee9e', '#text': 'The Dark Orchestra'}",Dark Noise,https://www.last.fm/music/nkisi/_/Dark+Noise,"{'uts': '1663951310', '#text': '23 Sep 2022, 16:41'}"
32,"{'mbid': '9db657f7-7fba-494b-9b1d-01dc51653440', '#text': 'Evicshen'}",0,"[{'size': 'small', '#text': 'https://lastfm.freetls.fastly.net/i/u/34s/fba74c320e8fde08c8d6114effa25c4c.jpg'}, {'size': 'medium', '#text': 'https://lastfm.freetls.fastly.net/i/u/64s/fba74c320e8fde08c8d6114effa25c4c.jpg'}, {'size': 'large', '#text': 'https://lastfm.freetls.fastly.net/i/u/174s/fba74c320e8fde08c8d6114effa25c4c.jpg'}, {'size': 'extralarge', '#text': 'https://lastfm.freetls.fastly.net/i/u/300x300/fba74c320e8fde08c8d6114effa25c4c.jpg'}]",14fd9597-1b88-4057-8e89-5d95e73135f7,"{'mbid': '97c8613f-1400-411f-9f57-edbbc2120100', '#text': 'Hair Birth'}",Classical Mechanics,https://www.last.fm/music/Evicshen/_/Classical+Mechanics,"{'uts': '1663951193', '#text': '23 Sep 2022, 16:39'}"
33,"{'mbid': 'ec69ad04-41e5-4723-876a-85c9116ac0f5', '#text': 'Patric Catani'}",0,"[{'size': 'small', '#text': 'https://lastfm.freetls.fastly.net/i/u/34s/88853335c6c8478d8b2abccaae5287b0.jpg'}, {'size': 'medium', '#text': 'https://lastfm.freetls.fastly.net/i/u/64s/88853335c6c8478d8b2abccaae5287b0.jpg'}, {'size': 'large', '#text': 'https://lastfm.freetls.fastly.net/i/u/174s/88853335c6c8478d8b2abccaae5287b0.jpg'}, {'size': 'extralarge', '#text': 'https://lastfm.freetls.fastly.net/i/u/300x300/88853335c6c8478d8b2abccaae5287b0.jpg'}]",296dc5bb-2c16-462b-b6f4-cb063e9b317a,"{'mbid': 'e913346e-31d3-4df5-abb8-8cefecffccc7', '#text': 'Blingsanity'}",Put More To It,https://www.last.fm/music/Patric+Catani/_/Put+More+To+It,"{'uts': '1663950868', '#text': '23 Sep 2022, 16:34'}"
34,"{'mbid': '655e9772-27c1-4aba-843d-acabfd29f8a8', '#text': 'They Hate Change'}",0,"[{'size': 'small', '#text': 'https://lastfm.freetls.fastly.net/i/u/34s/f27218a51ca9f2c70e105c026d0cdea0.jpg'}, {'size': 'medium', '#text': 'https://lastfm.freetls.fastly.net/i/u/64s/f27218a51ca9f2c70e105c026d0cdea0.jpg'}, {'size': 'large', '#text': 'https://lastfm.freetls.fastly.net/i/u/174s/f27218a51ca9f2c70e105c026d0cdea0.jpg'}, {'size': 'extralarge', '#text': 'https://lastfm.freetls.fastly.net/i/u/300x300/f27218a51ca9f2c70e105c026d0cdea0.jpg'}]",d94c85b2-0938-4672-8c81-739b0f19e6d9,"{'mbid': '', '#text': '666 Central Ave.'}",Screwface,https://www.last.fm/music/They+Hate+Change/_/Screwface,"{'uts': '1663950669', '#text': '23 Sep 2022, 16:31'}"
35,"{'mbid': '803f2853-7e3e-4dff-96a7-9f77b5f56de5', '#text': 'Rival Consoles'}",0,"[{'size': 'small', '#text': 'https://lastfm.freetls.fastly.net/i/u/34s/e31ed25ec4e50203412bd2514ad33f29.jpg'}, {'size': 'medium', '#text': 'https://lastfm.freetls.fastly.net/i/u/64s/e31ed25ec4e50203412bd2514ad33f29.jpg'}, {'size': 'large', '#text': 'https://lastfm.freetls.fastly.net/i/u/174s/e31ed25ec4e50203412bd2514ad33f29.jpg'}, {'size': 'extralarge', '#text': 'https://lastfm.freetls.fastly.net/i/u/300x300/e31ed25ec4e50203412bd2514ad33f29.jpg'}]",665cff7c-7216-468c-8614-3f7df3dfab28,"{'mbid': '61cd78be-1c72-4c5a-a855-2441bd98b87c', '#text': 'Odyssey / Sonne'}",Odyssey,https://www.last.fm/music/Rival+Consoles/_/Odyssey,"{'uts': '1663950388', '#text': '23 Sep 2022, 16:26'}"
36,"{'mbid': '', '#text': 'Jana Rush'}",0,"[{'size': 'small', '#text': 'https://lastfm.freetls.fastly.net/i/u/34s/bffec8c51c469fd05dda0fa178293ad7.jpg'}, {'size': 'medium', '#text': 'https://lastfm.freetls.fastly.net/i/u/64s/bffec8c51c469fd05dda0fa178293ad7.jpg'}, {'size': 'large', '#text': 'https://lastfm.freetls.fastly.net/i/u/174s/bffec8c51c469fd05dda0fa178293ad7.jpg'}, {'size': 'extralarge', '#text': 'https://lastfm.freetls.fastly.net/i/u/300x300/bffec8c51c469fd05dda0fa178293ad7.jpg'}]",7fcfc944-c0f0-45f7-89b3-d9f755e89c93,"{'mbid': '79a3080b-4c88-4877-b42e-c6e75d7653e5', '#text': 'Dark Humor'}",Don't Want No Dick,https://www.last.fm/music/Jana+Rush/_/Don%27t+Want+No+Dick,"{'uts': '1663950157', '#text': '23 Sep 2022, 16:22'}"
37,"{'mbid': '', '#text': 'KMRU'}",0,"[{'size': 'small', '#text': 'https://lastfm.freetls.fastly.net/i/u/34s/42ffb546d4b2bfa9052d3b0f66373906.jpg'}, {'size': 'medium', '#text': 'https://lastfm.freetls.fastly.net/i/u/64s/42ffb546d4b2bfa9052d3b0f66373906.jpg'}, {'size': 'large', '#text': 'https://lastfm.freetls.fastly.net/i/u/174s/42ffb546d4b2bfa9052d3b0f66373906.jpg'}, {'size': 'extralarge', '#text': 'https://lastfm.freetls.fastly.net/i/u/300x300/42ffb546d4b2bfa9052d3b0f66373906.jpg'}]",,"{'mbid': '', '#text': 'Limen'}",Rebirth,https://www.last.fm/music/KMRU/_/Rebirth,"{'uts': '1663949821', '#text': '23 Sep 2022, 16:17'}"
38,"{'mbid': '4894f8eb-be75-4bd5-a3a3-7c20894439f9', '#text': 'Jeff Parker'}",0,"[{'size': 'small', '#text': 'https://lastfm.freetls.fastly.net/i/u/34s/577a31c4a926a862e0526e377653920e.jpg'}, {'size': 'medium', '#text': 'https://lastfm.freetls.fastly.net/i/u/64s/577a31c4a926a862e0526e377653920e.jpg'}, {'size': 'large', '#text': 'https://lastfm.freetls.fastly.net/i/u/174s/577a31c4a926a862e0526e377653920e.jpg'}, {'size': 'extralarge', '#text': 'https://lastfm.freetls.fastly.net/i/u/300x300/577a31c4a926a862e0526e377653920e.jpg'}]",1426a3be-9ca1-46a7-bfb0-c7c198c55782,"{'mbid': '02f990b0-1c4c-4e2e-8eb9-bceab474e296', '#text': 'Forfolks'}",Flour Of Fur,https://www.last.fm/music/Jeff+Parker/_/Flour+Of+Fur,"{'uts': '1663949014', '#text': '23 Sep 2022, 16:03'}"
39,"{'mbid': 'cee3f961-4197-483b-a3ad-73242a97eb4a', '#text': 'Mogwai'}",0,"[{'size': 'small', '#text': 'https://lastfm.freetls.fastly.net/i/u/34s/c9549e95ea6e455ba52445e13ef0649a.png'}, {'size': 'medium', '#text': 'https://lastfm.freetls.fastly.net/i/u/64s/c9549e95ea6e455ba52445e13ef0649a.png'}, {'size': 'large', '#text': 'https://lastfm.freetls.fastly.net/i/u/174s/c9549e95ea6e455ba52445e13ef0649a.png'}, {'size': 'extralarge', '#text': 'https://lastfm.freetls.fastly.net/i/u/300x300/c9549e95ea6e455ba52445e13ef0649a.png'}]",03f743b8-98dc-3265-86e1-d060ee2c7094,"{'mbid': '063b1053-e5d1-34e1-a522-1a9d104efc27', '#text': 'Mr. Beast'}",Folk Death 95,https://www.last.fm/music/Mogwai/_/Folk+Death+95,"{'uts': '1663921200', '#text': '23 Sep 2022, 08:20'}"
40,"{'mbid': 'cee3f961-4197-483b-a3ad-73242a97eb4a', '#text': 'Mogwai'}",0,"[{'size': 'small', '#text': 'https://lastfm.freetls.fastly.net/i/u/34s/c9549e95ea6e455ba52445e13ef0649a.png'}, {'size': 'medium', '#text': 'https://lastfm.freetls.fastly.net/i/u/64s/c9549e95ea6e455ba52445e13ef0649a.png'}, {'size': 'large', '#text': 'https://lastfm.freetls.fastly.net/i/u/174s/c9549e95ea6e455ba52445e13ef0649a.png'}, {'size': 'extralarge', '#text': 'https://lastfm.freetls.fastly.net/i/u/300x300/c9549e95ea6e455ba52445e13ef0649a.png'}]",20c13f83-1678-4436-b797-a54e0e175b35,"{'mbid': '063b1053-e5d1-34e1-a522-1a9d104efc27', '#text': 'Mr. Beast'}",Emergency Trap,https://www.last.fm/music/Mogwai/_/Emergency+Trap,"{'uts': '1663895042', '#text': '23 Sep 2022, 01:04'}"
41,"{'mbid': 'cee3f961-4197-483b-a3ad-73242a97eb4a', '#text': 'Mogwai'}",0,"[{'size': 'small', '#text': 'https://lastfm.freetls.fastly.net/i/u/34s/c9549e95ea6e455ba52445e13ef0649a.png'}, {'size': 'medium', '#text': 'https://lastfm.freetls.fastly.net/i/u/64s/c9549e95ea6e455ba52445e13ef0649a.png'}, {'size': 'large', '#text': 'https://lastfm.freetls.fastly.net/i/u/174s/c9549e95ea6e455ba52445e13ef0649a.png'}, {'size': 'extralarge', '#text': 'https://lastfm.freetls.fastly.net/i/u/300x300/c9549e95ea6e455ba52445e13ef0649a.png'}]",05244607-878e-45fb-bd3e-83c90daac3ed,"{'mbid': '063b1053-e5d1-34e1-a522-1a9d104efc27', '#text': 'Mr. Beast'}",Friend of the Night,https://www.last.fm/music/Mogwai/_/Friend+of+the+Night,"{'uts': '1663894709', '#text': '23 Sep 2022, 00:58'}"
42,"{'mbid': 'cee3f961-4197-483b-a3ad-73242a97eb4a', '#text': 'Mogwai'}",0,"[{'size': 'small', '#text': 'https://lastfm.freetls.fastly.net/i/u/34s/c9549e95ea6e455ba52445e13ef0649a.png'}, {'size': 'medium', '#text': 'https://lastfm.freetls.fastly.net/i/u/64s/c9549e95ea6e455ba52445e13ef0649a.png'}, {'size': 'large', '#text': 'https://lastfm.freetls.fastly.net/i/u/174s/c9549e95ea6e455ba52445e13ef0649a.png'}, {'size': 'extralarge', '#text': 'https://lastfm.freetls.fastly.net/i/u/300x300/c9549e95ea6e455ba52445e13ef0649a.png'}]",59d041e2-e8ec-3726-9610-7cb03c457ae9,"{'mbid': '063b1053-e5d1-34e1-a522-1a9d104efc27', '#text': 'Mr. Beast'}",Team Handed,https://www.last.fm/music/Mogwai/_/Team+Handed,"{'uts': '1663894469', '#text': '23 Sep 2022, 00:54'}"
43,"{'mbid': 'cee3f961-4197-483b-a3ad-73242a97eb4a', '#text': 'Mogwai'}",0,"[{'size': 'small', '#text': 'https://lastfm.freetls.fastly.net/i/u/34s/c9549e95ea6e455ba52445e13ef0649a.png'}, {'size': 'medium', '#text': 'https://lastfm.freetls.fastly.net/i/u/64s/c9549e95ea6e455ba52445e13ef0649a.png'}, {'size': 'large', '#text': 'https://lastfm.freetls.fastly.net/i/u/174s/c9549e95ea6e455ba52445e13ef0649a.png'}, {'size': 'extralarge', '#text': 'https://lastfm.freetls.fastly.net/i/u/300x300/c9549e95ea6e455ba52445e13ef0649a.png'}]",0145f9b0-de6f-3666-8079-cf63d1f7ad62,"{'mbid': '063b1053-e5d1-34e1-a522-1a9d104efc27', '#text': 'Mr. Beast'}",Travel Is Dangerous,https://www.last.fm/music/Mogwai/_/Travel+Is+Dangerous,"{'uts': '1663894226', '#text': '23 Sep 2022, 00:50'}"
44,"{'mbid': 'cee3f961-4197-483b-a3ad-73242a97eb4a', '#text': 'Mogwai'}",0,"[{'size': 'small', '#text': 'https://lastfm.freetls.fastly.net/i/u/34s/c9549e95ea6e455ba52445e13ef0649a.png'}, {'size': 'medium', '#text': 'https://lastfm.freetls.fastly.net/i/u/64s/c9549e95ea6e455ba52445e13ef0649a.png'}, {'size': 'large', '#text': 'https://lastfm.freetls.fastly.net/i/u/174s/c9549e95ea6e455ba52445e13ef0649a.png'}, {'size': 'extralarge', '#text': 'https://lastfm.freetls.fastly.net/i/u/300x300/c9549e95ea6e455ba52445e13ef0649a.png'}]",02f5c364-835b-363a-aac8-832d1057db30,"{'mbid': '063b1053-e5d1-34e1-a522-1a9d104efc27', '#text': 'Mr. Beast'}",Acid Food,https://www.last.fm/music/Mogwai/_/Acid+Food,"{'uts': '1663894004', '#text': '23 Sep 2022, 00:46'}"
45,"{'mbid': 'cee3f961-4197-483b-a3ad-73242a97eb4a', '#text': 'Mogwai'}",0,"[{'size': 'small', '#text': 'https://lastfm.freetls.fastly.net/i/u/34s/c9549e95ea6e455ba52445e13ef0649a.png'}, {'size': 'medium', '#text': 'https://lastfm.freetls.fastly.net/i/u/64s/c9549e95ea6e455ba52445e13ef0649a.png'}, {'size': 'large', '#text': 'https://lastfm.freetls.fastly.net/i/u/174s/c9549e95ea6e455ba52445e13ef0649a.png'}, {'size': 'extralarge', '#text': 'https://lastfm.freetls.fastly.net/i/u/300x300/c9549e95ea6e455ba52445e13ef0649a.png'}]",03cb65e3-5859-458d-9b9f-fd3d44c4a3b4,"{'mbid': '063b1053-e5d1-34e1-a522-1a9d104efc27', '#text': 'Mr. Beast'}",Auto Rock,https://www.last.fm/music/Mogwai/_/Auto+Rock,"{'uts': '1663893731', '#text': '23 Sep 2022, 00:42'}"
46,"{'mbid': '5153eb0e-b6dd-4882-a24a-7d464c153962', '#text': 'Red Sparowes'}",0,"[{'size': 'small', '#text': 'https://lastfm.freetls.fastly.net/i/u/34s/19540aee79a5db315131d6ebea95922e.jpg'}, {'size': 'medium', '#text': 'https://lastfm.freetls.fastly.net/i/u/64s/19540aee79a5db315131d6ebea95922e.jpg'}, {'size': 'large', '#text': 'https://lastfm.freetls.fastly.net/i/u/174s/19540aee79a5db315131d6ebea95922e.jpg'}, {'size': 'extralarge', '#text': 'https://lastfm.freetls.fastly.net/i/u/300x300/19540aee79a5db315131d6ebea95922e.jpg'}]",11df99b6-d285-3cd9-a193-68161364052b,"{'mbid': '17cb2e79-50bf-42bb-b55f-661920741fbb', '#text': 'The Fear Is Excruciating, But Therein Lies The Answer'}",As Each End Looms And Subsides,https://www.last.fm/music/Red+Sparowes/_/As+Each+End+Looms+And+Subsides,"{'uts': '1663892724', '#text': '23 Sep 2022, 00:25'}"
47,"{'mbid': '5153eb0e-b6dd-4882-a24a-7d464c153962', '#text': 'Red Sparowes'}",0,"[{'size': 'small', '#text': 'https://lastfm.freetls.fastly.net/i/u/34s/19540aee79a5db315131d6ebea95922e.jpg'}, {'size': 'medium', '#text': 'https://lastfm.freetls.fastly.net/i/u/64s/19540aee79a5db315131d6ebea95922e.jpg'}, {'size': 'large', '#text': 'https://lastfm.freetls.fastly.net/i/u/174s/19540aee79a5db315131d6ebea95922e.jpg'}, {'size': 'extralarge', '#text': 'https://lastfm.freetls.fastly.net/i/u/300x300/19540aee79a5db315131d6ebea95922e.jpg'}]",5f8b96b5-fa37-33d4-a43c-0ce739d68798,"{'mbid': '17cb2e79-50bf-42bb-b55f-661920741fbb', '#text': 'The Fear Is Excruciating, But Therein Lies The Answer'}",A Mutiny,https://www.last.fm/music/Red+Sparowes/_/A+Mutiny,"{'uts': '1663892393', '#text': '23 Sep 2022, 00:19'}"
48,"{'mbid': '5153eb0e-b6dd-4882-a24a-7d464c153962', '#text': 'Red Sparowes'}",0,"[{'size': 'small', '#text': 'https://lastfm.freetls.fastly.net/i/u/34s/19540aee79a5db315131d6ebea95922e.jpg'}, {'size': 'medium', '#text': 'https://lastfm.freetls.fastly.net/i/u/64s/19540aee79a5db315131d6ebea95922e.jpg'}, {'size': 'large', '#text': 'https://lastfm.freetls.fastly.net/i/u/174s/19540aee79a5db315131d6ebea95922e.jpg'}, {'size': 'extralarge', '#text': 'https://lastfm.freetls.fastly.net/i/u/300x300/19540aee79a5db315131d6ebea95922e.jpg'}]",3b5e4a06-5be5-345f-9ac8-9b82fd6c7310,"{'mbid': '17cb2e79-50bf-42bb-b55f-661920741fbb', '#text': 'The Fear Is Excruciating, But Therein Lies The Answer'}",In Every Mind,https://www.last.fm/music/Red+Sparowes/_/In+Every+Mind,"{'uts': '1663892206', '#text': '23 Sep 2022, 00:16'}"
49,"{'mbid': '5153eb0e-b6dd-4882-a24a-7d464c153962', '#text': 'Red Sparowes'}",0,"[{'size': 'small', '#text': 'https://lastfm.freetls.fastly.net/i/u/34s/19540aee79a5db315131d6ebea95922e.jpg'}, {'size': 'medium', '#text': 'https://lastfm.freetls.fastly.net/i/u/64s/19540aee79a5db315131d6ebea95922e.jpg'}, {'size': 'large', '#text': 'https://lastfm.freetls.fastly.net/i/u/174s/19540aee79a5db315131d6ebea95922e.jpg'}, {'size': 'extralarge', '#text': 'https://lastfm.freetls.fastly.net/i/u/300x300/19540aee79a5db315131d6ebea95922e.jpg'}]",ace91d7b-12a5-331e-8584-d4a01311b21f,"{'mbid': '17cb2e79-50bf-42bb-b55f-661920741fbb', '#text': 'The Fear Is Excruciating, But Therein Lies The Answer'}",A Swarm,https://www.last.fm/music/Red+Sparowes/_/A+Swarm,"{'uts': '1663891775', '#text': '23 Sep 2022, 00:09'}"
